Site Name,Currently Being Observed,1953,1954,1955,1956,1957,1958,1959,1960,1961,1962,1963,1964,1965,1966,1967,1968,1969,1970,1971,1972,1973,1974,1975,1976,1977,1978,1979,1980,1981,1982,1983,1984,1985,1986,1987,1988,1989,1990,1991,1992,1993,1994,1995,1996,1997,1998,1999,2000,2001,2002,2003,2004,2005,2006,2007,2008,2009,2010,2011,2012,2013,2014,2015,2016,2017,2018,2019,2020,30 Year Average 1981-2010,Notes
Wakkanai,True,1953-05-30,1954-05-27,1955-05-23,1956-05-14,1957-05-22,1958-05-25,1959-05-12,1960-05-24,1961-05-18,1962-05-17,1963-05-15,,1965-05-22,,,,,,,,,1974-05-22,1975-05-22,1976-05-23,1977-05-26,1978-05-19,1979-05-26,1980-05-27,1981-05-15,1982-05-18,1983-05-12,1984-05-26,1985-05-17,1986-05-18,1987-05-19,1988-05-20,1989-05-19,1990-05-09,1991-05-18,1992-05-19,1993-05-18,1994-05-19,1995-05-11,1996-05-25,1997-05-22,1998-05-14,1999-05-18,2000-05-21,2001-05-19,2002-05-02,2003-05-14,2004-05-12,2005-05-28,2006-05-20,2007-05-17,2008-05-05,2009-05-12,2010-05-25,2011-05-25,2012-05-18,2013-05-28,2014-05-13,2015-05-06,2016-05-15,2017-05-11,2018-05-15,2019-05-09,2020-05-12,5 17,Sargent cherry (Prunus sargentii)
Rumoi,False,1953-05-13,1954-05-17,1955-05-16,1956-05-14,1957-05-14,1958-05-16,,,1961-05-13,1962-05-16,1963-05-17,1964-05-11,1965-05-23,1966-05-20,1967-05-19,1968-05-11,1969-05-18,1970-05-11,1971-05-21,,1973-05-18,1974-05-18,1975-05-12,1976-05-16,1977-05-16,1978-05-14,1979-05-20,1980-05-22,1981-05-13,1982-05-12,1983-05-03,1984-05-23,1985-05-13,1986-05-11,1987-05-15,1988-05-12,1989-05-07,1990-05-01,1991-05-11,1992-05-16,1993-05-14,1994-05-18,1995-05-09,1996-05-22,1997-05-14,1998-05-03,1999-05-19,2000-05-17,2001-05-14,2002-05-02,2003-05-13,2004-05-13,2005-05-23,2006-05-16,2007-05-14,2008-05-01,,,,,,,,,,,,,-,Sargent cherry (Prunus sargentii)
Asahikawa,True,1953-05-16,1954-05-18,1955-05-14,1956-05-13,1957-05-14,1958-05-15,1959-05-13,1960-05-16,1961-05-12,1962-05-11,1963-05-13,1964-05-16,1965-05-19,1966-05-18,1967-05-08,1968-05-05,1969-05-09,1970-05-10,1971-05-15,1972-05-04,1973-05-11,1974-05-15,1975-05-12,1976-05-14,1977-05-14,1978-05-11,1979-05-15,1980-05-19,1981-05-07,1982-05-07,1983-04-29,1984-05-17,1985-05-06,1986-05-08,1987-05-10,1988-05-11,1989-05-06,1990-05-03,1991-05-07,1992-05-11,1993-05-11,1994-05-13,1995-05-04,1996-05-13,1997-05-07,1998-04-25,1999-05-08,2000-05-11,2001-05-07,2002-04-25,2003-05-04,2004-05-09,2005-05-17,2006-05-12,2007-05-08,2008-04-26,2009-05-04,2010-05-13,2011-05-12,2012-05-02,2013-05-20,2014-05-04,2015-04-28,2016-05-04,2017-05-05,2018-05-01,2019-05-04,2020-05-04,5  7,Sargent cherry (Prunus sargentii)
Abashiri,True,1953-05-26,1954-05-19,1955-05-20,1956-05-13,,,1959-05-07,,,,,,,1966-05-21,,1968-05-10,1969-05-13,1970-05-10,1971-05-20,1972-05-06,1973-05-13,1974-05-18,1975-05-17,1976-05-16,1977-05-16,1978-05-14,1979-05-26,1980-05-23,1981-05-17,1982-05-13,1983-05-05,1984-05-26,1985-05-12,1986-05-10,1987-05-11,1988-05-15,1989-05-19,1990-05-09,1991-05-10,1992-05-16,1993-05-22,1994-05-17,1995-05-10,1996-05-27,1997-05-15,1998-05-01,1999-05-13,2000-05-21,2001-05-13,2002-05-01,2003-05-12,2004-05-13,2005-05-25,2006-05-17,2007-05-16,2008-05-05,2009-05-07,2010-05-18,2011-05-18,2012-05-05,2013-05-27,2014-05-11,2015-05-03,2016-05-10,2017-05-07,2018-05-06,2019-05-07,2020-05-09,5 14,Sargent cherry (Prunus sargentii)
Sapporo,True,1953-05-14,1954-05-08,1955-05-16,1956-05-09,1957-05-13,,1959-05-10,1960-05-09,1961-05-09,1962-05-05,1963-05-05,1964-05-07,1965-05-16,1966-05-11,1967-05-04,1968-05-04,1969-05-10,1970-05-09,1971-05-13,1972-05-01,1973-05-07,1974-05-13,1975-05-08,1976-05-10,1977-05-12,1978-05-13,1979-05-14,1980-05-18,1981-05-08,1982-05-08,1983-05-01,1984-05-21,1985-05-08,1986-05-09,1987-05-09,1988-05-07,1989-05-04,1990-04-29,1991-05-07,1992-05-10,1993-05-10,1994-05-09,1995-05-03,1996-05-12,1997-05-05,1998-04-26,1999-05-08,2000-05-11,2001-05-05,2002-04-25,2003-05-04,2004-05-09,2005-05-16,2006-05-12,2007-05-08,2008-04-25,2009-05-04,2010-05-14,2011-05-12,2012-05-02,2013-05-17,2014-05-01,2015-04-26,2016-05-01,2017-05-03,2018-04-29,2019-04-29,2020-05-02,5  7,
Iwamizawa,False,1953-05-11,1954-05-09,1955-05-13,1956-05-09,,1958-05-14,,1960-05-15,1961-05-07,1962-05-05,1963-05-12,1964-05-10,1965-05-20,1966-05-17,1967-05-10,1968-05-06,1969-05-13,1970-05-13,1971-05-17,1972-05-06,1973-05-10,1974-05-14,1975-05-11,1976-05-13,1977-05-15,1978-05-14,1979-05-14,1980-05-18,1981-05-09,1982-05-08,1983-04-30,1984-05-20,1985-05-10,1986-05-08,1987-05-09,1988-05-07,1989-05-01,1990-04-30,1991-05-06,1992-05-10,1993-05-09,1994-05-11,1995-05-05,1996-05-09,1997-05-05,1998-04-27,1999-05-07,2000-05-10,2001-05-07,2002-04-25,2003-05-03,2004-05-07,2005-05-13,2006-05-12,,,,,,,,,,,,,,,-,Sargent cherry (Prunus sargentii)
Obihiro,True,1953-05-19,1954-05-12,1955-05-14,1956-05-09,1957-05-14,1958-05-16,1959-05-05,1960-05-15,1961-05-09,1962-05-07,1963-05-10,1964-05-10,1965-05-17,1966-05-17,1967-05-05,1968-05-05,1969-05-10,1970-05-13,1971-05-16,1972-05-06,1973-05-09,1974-05-12,1975-05-14,1976-05-11,1977-05-13,1978-05-13,1979-05-17,1980-05-16,1981-05-07,1982-05-09,1983-05-03,1984-05-21,1985-05-06,1986-05-08,1987-05-08,1988-05-07,1989-05-07,1990-05-04,1991-05-06,1992-05-09,1993-05-11,1994-05-08,1995-05-07,1996-05-13,1997-05-03,1998-04-26,1999-05-07,2000-05-12,2001-05-01,2002-04-27,2003-05-03,2004-05-08,2005-05-10,2006-05-12,2007-05-08,2008-04-30,2009-05-04,2010-05-11,2011-05-09,2012-05-07,2013-05-16,2014-04-29,2015-04-28,2016-05-03,2017-05-02,2018-04-28,2019-04-30,2020-05-03,5  7,Sargent cherry (Prunus sargentii)
Kushiro,True,,1954-05-28,1955-05-26,,1957-05-19,1958-05-29,1959-05-20,1960-05-28,1961-05-27,1962-05-10,1963-05-20,1964-05-24,1965-05-25,1966-05-20,1967-05-14,1968-05-23,1969-05-20,1970-05-21,1971-05-24,1972-05-10,1973-05-16,1974-05-20,1975-05-24,1976-05-20,1977-05-31,1978-05-29,1979-06-01,1980-05-28,1981-05-27,1982-05-21,1983-05-16,1984-06-04,1985-05-20,1986-05-19,1987-05-20,1988-05-21,1989-05-20,1990-05-12,1991-05-13,1992-05-20,1993-05-20,1994-05-17,1995-05-18,1996-05-31,1997-05-22,1998-05-18,1999-05-21,2000-05-21,2001-05-21,2002-05-13,2003-05-26,2004-05-19,2005-05-26,2006-05-21,2007-05-20,2008-05-19,2009-05-14,2010-05-22,2011-05-21,2012-05-20,2013-05-25,2014-05-14,2015-05-08,2016-05-13,2017-05-18,2018-05-14,2019-05-13,2020-05-13,5 20,Sargent cherry (Prunus sargentii)
Nemuro,False,,,,,,,,1960-06-08,1961-05-26,1962-05-20,1963-05-22,1964-05-28,1965-05-28,1966-05-27,1967-05-22,1968-05-28,1969-05-20,1970-05-24,1971-05-29,1972-05-18,1973-05-17,1974-05-21,1975-05-31,1976-05-22,1977-05-31,1978-05-28,1979-06-02,1980-05-30,1981-06-01,1982-05-26,1983-05-20,1984-06-04,1985-05-23,1986-05-25,1987-05-20,1988-05-28,1989-05-26,1990-05-17,1991-05-18,1992-06-02,,1994-05-23,1995-05-22,1996-05-31,1997-05-23,1998-05-17,1999-05-22,2000-05-26,2001-05-24,2002-05-13,2003-05-28,2004-05-19,2005-05-29,2006-05-22,2007-05-23,2008-05-22,2009-05-16,2010-05-24,,,,,,,,,,,-,Kurile Island Cherry (Cerasus nipponica var. kurilensis)
Muroran,True,1953-05-17,1954-05-13,1955-05-23,1956-05-13,1957-05-14,1958-05-17,1959-04-30,1960-05-14,1961-05-11,1962-05-12,1963-05-10,1964-05-12,1965-05-20,1966-05-20,1967-05-08,1968-05-10,1969-05-12,1970-05-16,1971-05-15,1972-05-08,1973-05-14,1974-05-15,1975-05-11,1976-05-15,1977-05-14,1978-05-16,1979-05-19,1980-05-18,1981-05-10,1982-05-14,1983-05-04,1984-05-30,1985-05-18,1986-05-12,1987-05-13,1988-05-12,1989-05-07,1990-05-02,1991-05-07,1992-05-12,1993-05-09,1994-05-09,1995-05-09,1996-05-20,1997-05-06,1998-05-03,1999-05-13,2000-05-17,2001-05-14,2002-04-28,2003-05-06,2004-05-08,2005-05-20,2006-05-16,2007-05-12,2008-05-02,2009-05-07,2010-05-18,2011-05-13,2012-05-14,2013-05-21,2014-05-05,2015-05-01,2016-05-02,2017-05-04,2018-05-01,2019-05-04,2020-05-05,5 11,
Urakawa,False,1953-05-14,1954-05-13,1955-05-15,1956-05-11,1957-05-18,1958-05-16,1959-05-05,1960-05-18,1961-05-09,1962-05-08,1963-05-15,1964-05-16,1965-05-23,1966-05-16,1967-05-10,1968-05-14,1969-05-13,1970-05-15,1971-05-18,1972-05-06,1973-05-14,1974-05-16,1975-05-12,1976-05-17,1977-05-16,1978-05-19,1979-05-21,1980-05-21,1981-05-14,1982-05-16,1983-05-08,1984-05-29,1985-05-15,1986-05-14,1987-05-15,1988-05-14,1989-05-12,1990-05-09,1991-05-10,1992-05-16,1993-05-17,1994-05-17,1995-05-11,1996-05-17,1997-05-09,1998-05-07,1999-05-06,2000-05-11,2001-05-13,2002-05-02,2003-05-13,2004-05-14,2005-05-20,2006-05-15,2007-05-10,2008-05-06,2009-05-08,,,,,,,,,,,,-,Sargent cherry (Prunus sargentii)
Esashi,False,1953-05-15,1954-05-08,1955-05-08,1956-05-09,1957-05-09,1958-05-11,1959-05-06,1960-05-09,1961-05-04,1962-05-04,1963-05-06,1964-05-08,1965-05-20,1966-05-09,1967-05-07,1968-05-05,1969-05-12,1970-05-09,1971-05-16,1972-05-04,1973-05-06,1974-05-14,1975-05-05,1976-05-09,1977-05-14,1978-05-12,1979-05-08,1980-05-16,1981-05-08,1982-05-06,1983-04-27,1984-05-21,1985-05-08,1986-05-08,1987-05-09,1988-05-07,1989-04-27,1990-04-26,1991-05-05,1992-05-02,1993-05-05,,1995-05-01,1996-05-09,1997-05-03,1998-04-24,1999-05-02,2000-05-07,2001-05-04,2002-04-21,2003-05-03,2004-05-05,2005-05-12,2006-05-10,2007-05-06,,,,,,,,,,,,,,-,
Hakodate,True,1953-05-09,1954-05-07,1955-05-14,1956-05-08,1957-05-12,1958-05-10,1959-05-02,1960-05-10,1961-05-05,1962-05-08,1963-05-08,1964-05-10,1965-05-16,1966-05-11,1967-05-09,1968-05-07,1969-05-08,1970-05-11,1971-05-14,1972-05-04,1973-05-07,1974-05-12,1975-05-07,1976-05-11,1977-05-12,1978-05-10,1979-05-11,1980-05-15,1981-05-06,1982-05-09,1983-04-30,1984-05-27,1985-05-09,1986-05-08,1987-05-08,1988-05-06,1989-05-01,1990-04-26,1991-05-02,1992-05-02,1993-05-02,1994-05-05,1995-05-03,1996-05-11,1997-05-01,1998-04-24,1999-05-02,2000-05-08,2001-05-03,2002-04-21,2003-05-02,2004-04-30,2005-05-05,2006-05-12,2007-05-04,2008-04-26,2009-05-01,2010-05-10,2011-05-06,2012-05-05,2013-05-12,2014-05-01,2015-04-24,2016-04-26,2017-04-30,2018-04-28,2019-04-29,2020-05-01,5  4,
Kutchan,False,,1954-05-19,1955-05-23,,1957-05-19,1958-05-20,1959-05-06,1960-05-20,1961-05-12,1962-05-12,1963-05-12,1964-05-13,1965-05-23,1966-05-19,1967-05-11,1968-05-13,1969-05-13,1970-05-19,,1972-05-10,1973-05-15,1974-05-18,1975-05-13,1976-05-19,1977-05-22,1978-05-17,1979-05-21,1980-05-23,1981-05-13,1982-05-15,1983-05-04,1984-05-24,1985-05-14,1986-05-16,1987-05-17,1988-05-18,1989-05-09,1990-05-08,1991-05-11,1992-05-15,1993-05-15,1994-05-18,1995-05-10,1996-05-23,1997-05-13,1998-05-04,1999-05-14,2000-05-15,2001-05-12,2002-04-28,2003-05-08,2004-05-09,2005-05-20,2006-05-17,,,,,,,,,,,,,,,-,"Until 1994 Sargent Cherry, from 1995 to 2006 they were Yoshino Cherry."
Monbetsu,False,,,,1956-05-11,1957-05-18,1958-05-20,1959-05-04,1960-05-17,1961-05-09,1962-05-12,1963-05-11,1964-05-14,1965-05-20,1966-05-20,1967-05-08,1968-05-09,1969-05-10,1970-05-11,1971-05-18,1972-05-07,1973-05-14,1974-05-17,1975-05-24,1976-05-13,1977-05-14,1978-05-11,1979-05-24,1980-05-22,1981-05-13,1982-05-16,1983-05-03,1984-05-28,1985-05-12,1986-05-08,1987-05-09,1988-05-15,1989-05-18,1990-05-07,1991-05-09,1992-05-13,1993-05-20,1994-05-12,1995-05-09,1996-05-29,1997-05-13,1998-05-01,1999-05-18,2000-05-26,2001-05-14,2002-04-30,2003-05-11,2004-05-13,2005-05-26,2006-05-18,2007-05-21,,,,,,,,,,,,,,-,Sargent cherry (Prunus sargentii)
Hiroo,False,,,,,,1958-05-15,1959-05-03,1960-05-13,1961-05-07,1962-05-08,1963-05-09,1964-05-15,1965-05-20,1966-05-19,1967-05-07,1968-05-10,1969-05-10,1970-05-15,1971-05-16,1972-05-09,1973-05-08,1974-05-15,1975-05-16,1976-05-10,1977-05-13,1978-05-13,1979-05-22,1980-05-20,1981-05-11,1982-05-12,1983-05-03,1984-05-31,1985-05-12,1986-05-11,1987-05-09,1988-05-10,1989-05-11,1990-05-06,1991-05-07,1992-05-15,1993-05-16,1994-05-10,1995-05-08,1996-05-20,1997-05-04,1998-04-30,,,,,,,,,,,,,,,,,,,,,,,-,Sargent cherry (Prunus sargentii)
Shinjo,False,,,,,,1958-04-28,1959-04-21,1960-04-29,1961-04-28,1962-04-27,1963-04-28,1964-04-24,1965-05-09,1966-04-26,1967-04-26,1968-04-28,1969-04-28,1970-05-03,1971-04-28,1972-04-19,1973-04-25,1974-05-04,1975-04-27,1976-04-30,1977-04-30,1978-05-02,1979-04-25,1980-05-03,1981-05-02,1982-04-26,1983-04-23,1984-05-11,1985-04-29,1986-04-30,1987-04-27,1988-04-30,1989-04-19,1990-04-17,1991-04-22,1992-04-24,1993-04-26,1994-04-25,1995-04-25,1996-04-30,1997-04-28,,,,,,,,,,,,,,,,,,,,,,,,-,
Aomori,True,,,,1956-05-02,1957-05-07,1958-05-04,1959-04-25,1960-05-01,1961-04-29,1962-04-30,1963-04-26,1964-05-02,1965-05-10,1966-05-05,1967-05-03,1968-05-03,1969-05-04,1970-05-07,1971-05-05,1972-04-29,1973-04-28,1974-05-07,1975-05-01,1976-05-04,1977-05-07,1978-05-04,1979-05-06,1980-05-09,1981-05-01,1982-05-04,1983-04-25,1984-05-18,1985-05-03,1986-05-05,1987-05-01,1988-05-01,1989-04-20,1990-04-23,1991-04-30,1992-04-27,1993-04-28,1994-04-27,1995-04-28,1996-05-03,1997-04-27,1998-04-20,1999-04-30,2000-05-03,2001-04-27,2002-04-16,2003-04-27,2004-04-21,2005-05-02,2006-05-06,2007-04-29,2008-04-21,2009-04-22,2010-05-02,2011-04-28,2012-05-01,2013-05-06,2014-04-25,2015-04-19,2016-04-21,2017-04-21,2018-04-22,2019-04-22,2020-04-21,4 29,
Hachinohe,False,1953-05-02,1954-04-26,1955-04-26,1956-04-27,1957-05-01,1958-04-27,1959-04-23,1960-05-01,1961-04-26,1962-04-26,1963-04-25,1964-05-02,1965-05-09,1966-04-30,1967-04-28,1968-04-29,1969-04-30,1970-05-07,1971-04-26,1972-04-28,1973-04-22,1974-05-01,1975-04-28,1976-04-28,1977-05-02,1978-05-01,1979-05-05,1980-05-05,1981-04-28,1982-05-01,1983-04-23,1984-05-23,1985-05-01,1986-05-02,1987-04-28,1988-04-30,1989-04-19,1990-04-18,1991-04-25,1992-04-24,1993-04-26,1994-04-26,1995-04-25,1996-05-02,1997-04-28,1998-04-19,1999-04-27,2000-04-30,2001-04-24,2002-04-16,2003-04-25,2004-04-19,2005-04-29,2006-05-02,2007-04-29,,,,,,,,,,,,,,-,
Akita,True,1953-04-29,1954-04-22,1955-04-23,1956-04-26,1957-04-29,1958-04-29,1959-04-17,1960-04-27,1961-04-23,1962-04-24,1963-04-21,1964-04-23,1965-05-08,1966-04-25,1967-04-28,1968-04-24,1969-04-29,1970-05-01,1971-04-29,1972-04-22,1973-04-23,1974-04-30,1975-04-25,1976-04-28,1977-04-27,1978-04-30,1979-04-25,1980-04-28,1981-04-27,1982-04-24,1983-04-19,1984-05-05,1985-04-23,1986-04-25,1987-04-21,1988-04-28,1989-04-15,1990-04-13,1991-04-22,1992-04-22,1993-04-24,1994-04-24,1995-04-23,1996-04-30,1997-04-22,1998-04-16,1999-04-20,2000-04-25,2001-04-18,2002-04-12,2003-04-21,2004-04-16,2005-04-28,2006-04-26,2007-04-23,2008-04-15,2009-04-19,2010-04-28,2011-04-27,2012-04-26,2013-04-29,2014-04-24,2015-04-15,2016-04-19,2017-04-19,2018-04-20,2019-04-20,2020-04-15,4 22,
Morioka,True,1953-05-03,1954-04-26,1955-04-27,1956-04-28,1957-05-02,1958-04-29,1959-04-21,1960-04-29,1961-04-25,1962-04-25,1963-04-21,1964-04-23,1965-05-08,1966-04-25,1967-04-28,1968-04-23,1969-04-29,1970-05-01,1971-04-28,1972-04-25,1973-04-23,1974-05-02,1975-04-28,1976-05-01,1977-05-01,1978-05-02,1979-04-28,1980-05-04,1981-04-28,1982-04-26,1983-04-22,1984-05-09,1985-04-29,1986-05-01,1987-04-30,1988-04-30,1989-04-18,1990-04-21,1991-04-24,1992-04-26,1993-04-27,1994-04-25,1995-04-28,1996-05-01,1997-04-28,1998-04-16,1999-04-23,2000-04-29,2001-04-18,2002-04-16,2003-04-21,2004-04-17,2005-04-27,2006-04-30,2007-04-29,2008-04-17,2009-04-18,2010-05-02,2011-04-29,2012-04-28,2013-05-02,2014-04-21,2015-04-16,2016-04-18,2017-04-24,2018-04-20,2019-04-22,2020-04-20,4 25,
Miyako,False,1953-04-29,1954-04-20,1955-04-16,1956-04-23,1957-04-23,1958-04-24,1959-04-19,1960-04-26,1961-04-22,1962-04-21,1963-04-18,1964-04-24,1965-05-04,1966-04-25,1967-04-26,1968-04-22,1969-04-26,1970-05-03,1971-04-22,1972-04-25,1973-04-21,1974-04-28,1975-04-26,1976-04-26,1977-04-28,1978-05-01,1979-04-25,1980-04-30,1981-04-25,1982-04-25,1983-04-21,1984-05-19,1985-04-26,1986-04-28,1987-04-22,1988-04-27,1989-04-17,1990-04-15,1991-04-21,1992-04-24,1993-04-23,1994-04-22,1995-04-25,1996-04-28,1997-04-26,1998-04-19,1999-04-20,2000-04-27,2001-04-17,2002-04-13,2003-04-19,2004-04-14,2005-04-24,2006-04-28,2007-04-27,,,,,,,,,,,,,,-,
Sakata,False,1953-04-22,1954-04-18,1955-04-15,1956-04-21,1957-04-23,1958-04-22,1959-04-12,1960-04-21,1961-04-20,1962-04-22,1963-04-18,1964-04-18,1965-05-02,1966-04-21,1967-04-20,1968-04-19,1969-04-25,1970-04-27,1971-04-24,1972-04-19,1973-04-21,1974-04-26,1975-04-20,1976-04-22,1977-04-20,1978-04-25,1979-04-21,1980-04-24,1981-04-22,1982-04-19,1983-04-18,1984-05-01,1985-04-19,1986-04-23,1987-04-18,1988-04-26,1989-04-11,1990-04-11,1991-04-17,1992-04-16,1993-04-20,1994-04-19,1995-04-20,1996-04-25,1997-04-18,1998-04-13,1999-04-18,2000-04-22,2001-04-15,2002-04-08,2003-04-16,2004-04-12,2005-04-25,2006-04-21,2007-04-19,2008-04-13,2009-04-14,,,,,,,,,,,,-,
Yamagata,True,1953-04-27,1954-04-18,1955-04-15,1956-04-21,1957-04-27,1958-04-23,1959-04-16,1960-04-24,1961-04-21,1962-04-22,1963-04-17,1964-04-17,1965-05-02,1966-04-22,1967-04-24,1968-04-21,1969-04-24,1970-04-28,1971-04-23,1972-04-17,1973-04-21,1974-04-28,1975-04-22,1976-04-23,1977-04-22,1978-04-27,1979-04-20,1980-04-27,1981-04-26,1982-04-21,1983-04-18,1984-05-04,1985-04-22,1986-04-24,1987-04-18,1988-04-27,1989-04-13,1990-04-12,1991-04-17,1992-04-16,1993-04-20,1994-04-18,1995-04-21,1996-04-25,1997-04-19,1998-04-13,1999-04-18,2000-04-24,2001-04-15,2002-04-06,2003-04-17,2004-04-13,2005-04-23,2006-04-23,2007-04-19,2008-04-16,2009-04-13,2010-04-25,2011-04-25,2012-04-26,2013-04-19,2014-04-17,2015-04-15,2016-04-10,2017-04-17,2018-04-11,2019-04-17,2020-04-09,4 19,
Sendai,True,1953-04-17,1954-04-12,1955-04-16,1956-04-19,1957-04-21,1958-04-15,1959-04-10,1960-04-17,1961-04-16,1962-04-21,1963-04-18,1964-04-19,1965-04-25,1966-04-18,1967-04-18,1968-04-14,1969-04-20,1970-04-25,1971-04-17,1972-04-16,1973-04-18,1974-04-24,1975-04-18,1976-04-19,1977-04-19,1978-04-25,1979-04-12,1980-04-20,1981-04-18,1982-04-16,1983-04-18,1984-05-03,1985-04-23,1986-04-24,1987-04-17,1988-04-21,1989-04-06,1990-04-08,1991-04-15,1992-04-15,1993-04-16,1994-04-15,1995-04-17,1996-04-24,1997-04-11,1998-04-11,1999-04-13,2000-04-18,2001-04-13,2002-04-03,2003-04-14,2004-04-10,2005-04-17,2006-04-18,2007-04-12,2008-04-11,2009-04-10,2010-04-21,2011-04-15,2012-04-23,2013-04-15,2014-04-11,2015-04-09,2016-04-06,2017-04-13,2018-04-04,2019-04-10,2020-04-03,4 16,
Fukushima,True,1953-04-11,1954-04-09,1955-04-11,1956-04-16,1957-04-19,1958-04-09,1959-04-08,1960-04-14,1961-04-14,1962-04-16,1963-04-13,1964-04-13,1965-04-24,1966-04-14,1967-04-14,1968-04-11,1969-04-14,1970-04-21,1971-04-14,1972-04-11,1973-04-14,1974-04-22,1975-04-15,1976-04-16,1977-04-15,1978-04-22,1979-04-11,1980-04-16,1981-04-15,1982-04-13,1983-04-14,1984-04-28,1985-04-19,1986-04-22,1987-04-10,1988-04-20,1989-04-06,1990-04-07,1991-04-12,1992-04-10,1993-04-16,1994-04-13,1995-04-15,1996-04-23,1997-04-10,1998-04-10,1999-04-11,2000-04-17,2001-04-10,2002-04-02,2003-04-12,2004-04-08,2005-04-16,2006-04-15,2007-04-09,2008-04-11,2009-04-09,2010-04-13,2011-04-15,2012-04-20,2013-04-08,2014-04-11,2015-04-06,2016-04-03,2017-04-12,2018-04-02,2019-04-08,2020-04-01,4 13,
Shirakawa,False,1953-04-26,1954-04-15,1955-04-15,1956-04-19,1957-04-21,1958-04-21,1959-04-15,1960-04-19,1961-04-20,1962-04-22,1963-04-18,1964-04-16,1965-04-30,1966-04-20,1967-04-20,1968-04-21,1969-04-23,1970-04-28,1971-04-20,1972-04-19,1973-04-18,1974-04-26,1975-04-20,1976-04-22,1977-04-19,1978-04-28,1979-04-18,1980-04-26,1981-04-21,1982-04-19,1983-04-18,1984-05-02,1985-04-21,1986-04-25,1987-04-16,1988-04-25,1989-04-14,1990-04-10,1991-04-16,1992-04-16,1993-04-22,1994-04-18,1995-04-22,1996-04-26,1997-04-14,,,,,,,,,,,,,,,,,,,,,,,,-,
Onahama,False,1953-04-13,1954-04-06,1955-04-10,1956-04-16,1957-04-17,1958-04-13,1959-04-06,1960-04-14,1961-04-14,1962-04-16,1963-04-16,1964-04-13,1965-04-22,1966-04-11,1967-04-09,1968-04-12,1969-04-16,1970-04-21,1971-04-15,1972-04-11,1973-04-12,1974-04-19,1975-04-15,1976-04-13,1977-04-14,1978-04-21,1979-04-09,1980-04-20,1981-04-16,1982-04-11,1983-04-16,1984-04-29,1985-04-17,1986-04-21,1987-04-10,1988-04-16,1989-04-05,1990-04-03,1991-04-15,1992-04-08,1993-04-16,1994-04-12,1995-04-12,1996-04-15,1997-04-08,1998-04-11,1999-04-09,2000-04-12,2001-04-09,2002-04-01,2003-04-13,2004-04-08,2005-04-16,2006-04-11,2007-04-05,2008-04-05,,,,,,,,,,,,,-,
Wajima,False,1953-04-16,1954-04-11,1955-04-10,1956-04-16,1957-04-21,1958-04-15,1959-04-05,1960-04-11,1961-04-14,1962-04-15,1963-04-14,1964-04-14,1965-04-22,1966-04-14,1967-04-14,1968-04-17,1969-04-20,1970-04-23,1971-04-16,1972-04-14,1973-04-14,1974-04-19,1975-04-17,1976-04-19,1977-04-14,1978-04-19,1979-04-10,1980-04-15,1981-04-14,1982-04-11,1983-04-15,1984-04-28,1985-04-19,1986-04-18,1987-04-11,1988-04-20,1989-04-07,1990-04-07,1991-04-16,1992-04-09,1993-04-16,1994-04-15,1995-04-16,1996-04-22,1997-04-11,1998-04-09,1999-04-12,2000-04-17,2001-04-10,2002-04-02,2003-04-12,2004-04-06,2005-04-15,2006-04-15,2007-04-15,2008-04-11,2009-04-12,2010-04-14,,,,,,,,,,,-,
Aikawa,False,1953-04-20,1954-04-11,1955-04-12,1956-04-17,1957-04-22,1958-04-17,1959-04-09,1960-04-14,1961-04-15,1962-04-14,1963-04-17,1964-04-17,1965-04-28,1966-04-21,1967-04-18,1968-04-17,1969-04-23,1970-04-25,1971-04-20,1972-04-16,1973-04-16,1974-04-23,1975-04-19,1976-04-20,1977-04-17,1978-04-22,1979-04-13,1980-04-20,1981-04-19,1982-04-16,1983-04-16,1984-04-30,1985-04-19,1986-04-22,1987-04-20,1988-04-27,1989-04-13,1990-04-12,1991-04-20,1992-04-16,1993-04-22,1994-04-19,1995-04-19,1996-04-26,1997-04-17,1998-04-12,1999-04-16,2000-04-21,2001-04-14,2002-04-08,2003-04-17,2004-04-11,2005-04-22,2006-04-17,2007-04-15,,,,,,,,,,,,,,-,
Niigata,True,1953-04-20,1954-04-15,1955-04-13,1956-04-19,1957-04-24,1958-04-21,1959-04-12,1960-04-18,1961-04-19,1962-04-18,1963-04-16,1964-04-14,1965-04-24,1966-04-18,1967-04-16,1968-04-15,1969-04-21,1970-04-24,1971-04-17,1972-04-14,1973-04-14,1974-04-23,1975-04-17,1976-04-20,1977-04-16,1978-04-21,1979-04-11,1980-04-21,1981-04-18,1982-04-14,1983-04-16,1984-04-29,1985-04-15,1986-04-21,1987-04-15,1988-04-20,1989-04-07,1990-04-06,1991-04-15,1992-04-09,1993-04-16,1994-04-15,1995-04-15,1996-04-22,1997-04-11,1998-04-10,1999-04-12,2000-04-18,2001-04-11,2002-04-04,2003-04-13,2004-04-09,2005-04-20,2006-04-16,2007-04-13,2008-04-09,2009-04-13,2010-04-17,2011-04-18,2012-04-20,2013-04-12,2014-04-12,2015-04-09,2016-04-07,2017-04-13,2018-04-05,2019-04-12,2020-04-07,4 14,
Kanazawa,True,1953-04-10,1954-04-05,1955-04-08,1956-04-15,1957-04-16,1958-04-08,1959-04-01,1960-04-05,1961-04-10,1962-04-11,1963-04-14,1964-04-13,1965-04-18,1966-04-10,1967-04-09,1968-04-13,1969-04-13,1970-04-19,1971-04-12,1972-04-07,1973-04-10,1974-04-14,1975-04-12,1976-04-14,1977-04-11,1978-04-15,1979-04-07,1980-04-10,1981-04-13,1982-04-06,1983-04-11,1984-04-20,1985-04-11,1986-04-14,1987-04-06,1988-04-17,1989-04-02,1990-04-02,1991-04-11,1992-04-07,1993-04-16,1994-04-14,1995-04-12,1996-04-17,1997-04-08,1998-04-07,1999-04-07,2000-04-12,2001-04-07,2002-04-01,2003-04-09,2004-04-01,2005-04-11,2006-04-12,2007-04-09,2008-04-06,2009-04-10,2010-04-06,2011-04-12,2012-04-13,2013-04-05,2014-04-07,2015-04-04,2016-04-04,2017-04-08,2018-04-03,2019-04-06,2020-04-01,4 10,
Toyama,True,1953-04-12,1954-04-08,1955-04-10,1956-04-15,1957-04-20,1958-04-11,1959-04-06,1960-04-09,1961-04-13,1962-04-13,1963-04-14,1964-04-14,1965-04-22,1966-04-15,1967-04-13,1968-04-13,1969-04-15,1970-04-19,1971-04-13,1972-04-13,1973-04-11,1974-04-17,1975-04-14,1976-04-12,1977-04-14,1978-04-18,1979-04-07,1980-04-13,1981-04-14,1982-04-06,1983-04-13,1984-04-24,1985-04-14,1986-04-15,1987-04-08,1988-04-18,1989-04-03,1990-04-04,1991-04-15,1992-04-10,1993-04-16,1994-04-15,1995-04-11,1996-04-17,1997-04-07,1998-04-05,1999-04-06,2000-04-14,2001-04-09,2002-04-01,2003-04-11,2004-04-01,2005-04-12,2006-04-12,2007-04-08,2008-04-06,2009-04-08,2010-04-06,2011-04-11,2012-04-16,2013-04-06,2014-04-08,2015-04-04,2016-04-01,2017-04-08,2018-03-30,2019-04-05,2020-04-03,4 10,
Nagano,True,1953-04-24,1954-04-13,1955-04-13,1956-04-17,1957-04-23,1958-04-19,1959-04-12,1960-04-23,1961-04-20,1962-04-22,1963-04-18,1964-04-17,1965-05-03,1966-04-23,1967-04-21,1968-04-21,1969-04-22,1970-04-28,1971-04-20,1972-04-17,1973-04-20,1974-04-22,1975-04-19,1976-04-20,1977-04-18,1978-04-25,1979-04-11,1980-04-22,1981-04-23,1982-04-19,1983-04-16,1984-04-29,1985-04-18,1986-04-23,1987-04-16,1988-04-25,1989-04-11,1990-04-11,1991-04-15,1992-04-16,1993-04-21,1994-04-18,1995-04-21,1996-04-26,1997-04-16,1998-04-13,1999-04-13,2000-04-22,2001-04-13,2002-04-05,2003-04-18,2004-04-11,2005-04-19,2006-04-20,2007-04-14,2008-04-16,2009-04-12,2010-04-13,2011-04-21,2012-04-21,2013-04-15,2014-04-17,2015-04-10,2016-04-08,2017-04-17,2018-04-06,2019-04-18,2020-04-13,4 17,
Takada,False,1953-04-17,1954-04-10,1955-04-10,1956-04-16,1957-04-21,1958-04-15,1959-04-08,1960-04-12,1961-04-15,1962-04-13,1963-04-14,1964-04-12,1965-04-22,1966-04-16,1967-04-12,1968-04-16,1969-04-17,1970-04-26,1971-04-14,1972-04-11,1973-04-14,1974-04-19,1975-04-14,1976-04-16,1977-04-16,1978-04-19,1979-04-06,1980-04-19,1981-04-20,1982-04-11,1983-04-13,1984-04-30,1985-04-18,1986-04-21,1987-04-10,1988-04-20,1989-04-06,1990-04-06,1991-04-13,1992-04-11,1993-04-17,1994-04-15,1995-04-13,1996-04-19,1997-04-10,1998-04-08,1999-04-11,2000-04-14,2001-04-10,2002-04-03,2003-04-13,2004-04-05,2005-04-14,2006-04-15,2007-04-12,,,,,,,,,,,,,,-,
Utsunomiya,True,1953-04-12,1954-04-07,1955-04-08,1956-04-15,1957-04-14,1958-04-11,1959-04-06,1960-04-08,1961-04-10,1962-04-12,1963-04-12,1964-04-11,1965-04-16,1966-04-07,1967-04-09,1968-04-09,1969-04-13,1970-04-19,1971-04-10,1972-04-05,1973-04-08,1974-04-12,1975-04-11,1976-04-11,1977-04-08,1978-04-16,1979-04-04,1980-04-13,1981-04-12,1982-04-07,1983-04-12,1984-04-24,1985-04-11,1986-04-16,1987-04-08,1988-04-15,1989-04-06,1990-04-02,1991-04-09,1992-04-04,1993-04-11,1994-04-08,1995-04-10,1996-04-15,1997-04-04,1998-04-06,1999-04-05,2000-04-12,2001-04-06,2002-03-25,2003-04-07,2004-03-31,2005-04-09,2006-04-04,2007-04-04,2008-04-03,2009-04-06,2010-04-08,2011-04-12,2012-04-12,2013-03-29,2014-04-04,2015-04-02,2016-04-04,2017-04-09,2018-03-29,2019-04-09,2020-04-03,4  8,
Fukui,True,1953-04-12,1954-04-06,1955-04-09,1956-04-14,1957-04-17,1958-04-07,1959-04-04,1960-04-05,1961-04-10,1962-04-12,1963-04-12,1964-04-12,1965-04-19,1966-04-09,1967-04-07,1968-04-11,1969-04-13,1970-04-19,1971-04-13,1972-04-10,1973-04-09,1974-04-12,1975-04-12,1976-04-10,1977-04-13,1978-04-15,1979-04-06,1980-04-11,1981-04-13,1982-04-05,1983-04-10,1984-04-21,1985-04-11,1986-04-14,1987-04-07,1988-04-18,1989-04-01,1990-04-01,1991-04-10,1992-04-05,1993-04-14,1994-04-11,1995-04-09,1996-04-14,1997-04-04,1998-04-04,1999-04-02,2000-04-13,2001-04-08,2002-03-31,2003-04-07,2004-04-01,2005-04-12,2006-04-12,2007-04-09,2008-04-06,2009-04-07,2010-04-06,2011-04-13,2012-04-13,2013-04-02,2014-04-03,2015-04-03,2016-03-31,2017-04-07,2018-04-02,2019-04-05,2020-03-31,4  9,
Takayama,False,1953-04-27,1954-04-21,1955-04-14,1956-04-24,1957-04-24,1958-04-17,1959-04-13,1960-04-15,1961-04-19,1962-04-20,1963-04-20,1964-04-14,1965-05-01,1966-04-21,1967-04-18,1968-04-22,1969-04-21,1970-04-30,1971-04-18,1972-04-17,1973-04-17,1974-04-24,1975-04-21,1976-04-21,1977-04-19,1978-04-28,1979-04-13,1980-04-22,1981-04-27,1982-04-23,1983-04-18,1984-05-02,1985-04-20,1986-04-24,1987-04-19,1988-04-26,1989-04-16,1990-04-14,1991-04-17,1992-04-15,1993-04-26,1994-04-22,1995-04-24,1996-04-30,1997-04-20,1998-04-13,1999-04-17,2000-04-24,2001-04-17,2002-04-09,2003-04-20,2004-04-13,2005-04-19,,,,,,,,,,,,,,,,-,
Matsumoto,False,1953-04-20,1954-04-11,1955-04-13,1956-04-16,1957-04-20,1958-04-19,1959-04-10,1960-04-14,1961-04-16,1962-04-23,1963-04-17,1964-04-16,1965-05-01,1966-04-19,1967-04-20,1968-04-20,1969-04-21,1970-04-27,1971-04-19,1972-04-17,1973-04-18,1974-04-23,1975-04-19,1976-04-17,1977-04-15,1978-04-23,1979-04-10,1980-04-19,1981-04-20,1982-04-16,1983-04-16,1984-04-27,1985-04-19,1986-04-22,1987-04-11,1988-04-22,1989-04-10,1990-04-11,1991-04-14,1992-04-11,1993-04-18,1994-04-18,1995-04-18,1996-04-25,1997-04-10,1998-04-11,1999-04-12,2000-04-18,2001-04-10,2002-04-03,2003-04-17,2004-04-07,2005-04-14,2006-04-18,2007-04-09,,,,,,,,,,,,,,-,
Maebashi,True,1953-04-17,1954-04-04,1955-04-10,1956-04-13,1957-04-14,1958-04-09,1959-04-04,1960-04-08,1961-04-08,1962-04-10,1963-04-09,1964-04-10,1965-04-16,1966-04-07,1967-04-05,1968-04-09,1969-04-13,1970-04-17,1971-04-10,1972-04-06,1973-04-09,1974-04-11,1975-04-10,1976-04-07,1977-04-04,1978-04-15,1979-04-06,1980-04-12,1981-04-08,1982-04-03,1983-04-10,1984-04-21,1985-04-11,1986-04-14,1987-04-04,1988-04-13,1989-04-02,1990-03-30,1991-04-08,1992-04-02,1993-04-04,1994-04-07,1995-04-11,1996-04-10,1997-04-03,1998-04-01,1999-04-04,2000-04-10,2001-04-04,2002-03-28,2003-04-08,2004-03-31,2005-04-08,2006-04-04,2007-04-07,2008-03-31,2009-04-08,2010-04-06,2011-04-11,2012-04-12,2013-04-01,2014-04-03,2015-04-01,2016-04-01,2017-04-07,2018-03-28,2019-04-07,2020-03-26,4  6,
Kumagaya,True,1953-04-09,1954-04-05,1955-04-08,1956-04-13,1957-04-12,1958-04-09,1959-04-04,1960-04-07,1961-04-08,1962-04-10,1963-04-11,1964-04-08,1965-04-13,1966-04-07,1967-04-05,1968-04-06,1969-04-13,1970-04-16,1971-04-08,1972-04-03,1973-04-09,1974-04-12,1975-04-11,1976-04-10,1977-04-03,1978-04-11,1979-04-03,1980-04-12,1981-04-07,1982-04-03,1983-04-10,1984-04-20,1985-04-09,1986-04-12,1987-04-04,1988-04-13,1989-04-04,1990-04-01,1991-04-08,1992-04-01,1993-04-04,1994-04-06,1995-04-09,1996-04-09,1997-04-04,1998-04-07,1999-04-05,2000-04-08,2001-04-03,2002-03-22,2003-04-04,2004-03-31,2005-04-08,2006-04-03,2007-04-01,2008-03-29,2009-04-05,2010-04-06,2011-04-08,2012-04-10,2013-03-26,2014-04-01,2015-03-30,2016-04-01,2017-04-07,2018-03-26,2019-04-04,2020-03-25,4  5,
Mito,True,1953-04-09,1954-04-06,1955-04-08,1956-04-15,1957-04-14,1958-04-11,1959-04-06,1960-04-10,1961-04-10,1962-04-15,1963-04-13,1964-04-11,1965-04-16,1966-04-08,1967-04-07,1968-04-10,1969-04-13,1970-04-21,1971-04-12,1972-04-05,1973-04-08,1974-04-14,1975-04-12,1976-04-13,1977-04-11,1978-04-16,1979-04-06,1980-04-14,1981-04-15,1982-04-08,1983-04-14,1984-04-27,1985-04-14,1986-04-16,1987-04-05,1988-04-14,1989-04-03,1990-03-30,1991-04-10,1992-04-06,1993-04-14,1994-04-07,1995-04-11,1996-04-14,1997-04-02,1998-04-08,1999-04-05,2000-04-08,2001-04-05,2002-03-28,2003-04-09,2004-03-31,2005-04-09,2006-04-04,2007-04-02,2008-04-03,2009-04-08,2010-04-07,2011-04-12,2012-04-12,2013-04-01,2014-04-02,2015-04-04,2016-04-06,2017-04-10,2018-03-28,2019-04-05,2020-03-31,4  8,
Tsuruga,False,1953-04-10,1954-04-05,1955-04-06,1956-04-11,1957-04-16,1958-04-08,1959-04-02,1960-04-03,1961-04-12,1962-04-10,1963-04-11,1964-04-11,1965-04-19,1966-04-05,1967-04-07,1968-04-11,1969-04-13,1970-04-17,1971-04-11,1972-04-09,1973-04-10,1974-04-12,1975-04-12,1976-04-08,1977-04-11,1978-04-15,1979-04-04,1980-04-11,1981-04-12,1982-04-05,1983-04-10,1984-04-18,1985-04-11,1986-04-14,1987-04-07,1988-04-16,1989-04-01,1990-03-30,1991-04-08,1992-04-03,1993-04-11,1994-04-08,1995-04-08,1996-04-14,1997-04-04,1998-04-04,1999-04-01,2000-04-12,2001-04-07,2002-03-31,2003-04-06,2004-04-03,2005-04-10,,,,,,,,,,,,,,,,-,
Gifu,True,1953-04-09,1954-04-05,1955-04-01,1956-04-07,1957-04-12,1958-04-08,1959-04-03,1960-04-03,1961-04-07,1962-04-12,1963-04-09,1964-04-09,1965-04-16,1966-04-06,1967-04-05,1968-04-09,1969-04-11,1970-04-15,1971-04-07,1972-04-05,1973-04-08,1974-04-10,1975-04-08,1976-04-02,1977-04-02,1978-04-11,1979-04-05,1980-04-07,1981-04-07,1982-03-30,1983-04-07,1984-04-16,1985-04-05,1986-04-07,1987-04-06,1988-04-10,1989-03-29,1990-03-27,1991-04-06,1992-03-31,1993-04-05,1994-04-05,1995-04-05,1996-04-08,1997-03-30,1998-03-31,1999-04-01,2000-04-10,2001-04-06,2002-03-27,2003-03-31,2004-04-01,2005-04-08,2006-04-05,2007-04-02,2008-03-29,2009-04-01,2010-03-31,2011-04-04,2012-04-06,2013-03-29,2014-03-31,2015-03-30,2016-03-31,2017-04-04,2018-03-26,2019-04-02,2020-04-01,4  4,
Nagoya,True,1953-04-12,1954-04-04,1955-04-03,1956-04-09,1957-04-13,1958-04-07,1959-03-30,1960-04-04,1961-04-06,1962-04-12,1963-04-06,1964-04-07,1965-04-16,1966-04-03,1967-04-05,1968-04-05,1969-04-07,1970-04-12,1971-04-05,1972-04-02,1973-04-08,1974-04-08,1975-04-07,1976-04-01,1977-04-02,1978-04-11,1979-04-07,1980-04-06,1981-04-05,1982-03-31,1983-04-06,1984-04-15,1985-04-06,1986-04-06,1987-04-06,1988-04-10,1989-03-30,1990-03-27,1991-04-05,1992-03-31,1993-04-04,1994-04-05,1995-04-06,1996-04-06,1997-03-30,1998-03-30,1999-04-01,2000-04-08,2001-04-03,2002-03-28,2003-03-31,2004-04-03,2005-04-08,2006-04-06,2007-04-02,2008-03-29,2009-04-03,2010-04-02,2011-04-06,2012-04-06,2013-03-28,2014-03-31,2015-03-30,2016-03-31,2017-04-06,2018-03-27,2019-04-04,2020-04-01,4  3,
Iida,False,1953-04-12,1954-04-07,1955-04-07,1956-04-12,1957-04-16,1958-04-07,1959-03-31,1960-04-05,1961-04-13,1962-04-17,1963-04-14,1964-04-12,1965-04-20,1966-04-12,1967-04-14,1968-04-13,1969-04-13,1970-04-22,1971-04-12,1972-04-14,1973-04-10,1974-04-16,1975-04-14,1976-04-13,1977-04-11,1978-04-19,1979-04-10,1980-04-13,1981-04-13,1982-04-08,1983-04-12,1984-04-21,1985-04-09,1986-04-16,1987-04-08,1988-04-17,1989-04-05,1990-04-02,1991-04-09,1992-04-03,1993-04-12,1994-04-11,1995-04-12,1996-04-18,1997-04-06,1998-04-05,1999-04-08,2000-04-16,2001-04-09,2002-04-01,2003-04-12,2004-04-07,2005-04-12,2006-04-12,,,,,,,,,,,,,,,-,
Kofu,True,1953-04-08,1954-04-04,1955-04-03,1956-04-07,1957-04-09,1958-04-05,1959-03-30,1960-03-31,1961-04-06,1962-04-08,1963-04-06,1964-04-05,1965-04-12,1966-04-02,1967-04-04,1968-04-06,1969-04-09,1970-04-12,1971-04-02,1972-03-31,1973-04-05,1974-04-06,1975-04-06,1976-03-31,1977-04-01,1978-04-10,1979-04-01,1980-04-05,1981-04-06,1982-04-01,1983-04-08,1984-04-16,1985-04-06,1986-04-12,1987-04-05,1988-04-11,1989-04-01,1990-03-26,1991-04-05,1992-04-01,1993-04-02,1994-04-04,1995-04-07,1996-04-08,1997-03-30,1998-03-30,1999-03-28,2000-04-07,2001-04-02,2002-03-22,2003-04-01,2004-03-31,2005-04-07,2006-03-29,2007-03-30,2008-03-28,2009-03-31,2010-03-28,2011-04-08,2012-04-07,2013-03-26,2014-04-04,2015-03-31,2016-04-03,2017-04-09,2018-03-29,2019-04-07,2020-04-02,4  3,
Choshi,True,1953-04-05,1954-04-05,1955-04-04,1956-04-11,1957-04-09,1958-04-07,1959-04-02,1960-03-30,1961-04-08,1962-04-08,1963-04-11,1964-04-13,1965-04-17,1966-04-05,1967-04-06,1968-04-04,1969-04-11,1970-04-17,1971-04-08,1972-04-07,1973-04-08,1974-04-07,1975-04-10,1976-04-07,1977-04-02,1978-04-16,1979-04-06,1980-04-14,1981-04-13,1982-04-03,1983-04-13,1984-04-23,1985-04-09,1986-04-16,1987-04-06,1988-04-11,1989-04-02,1990-04-02,1991-04-10,1992-04-03,1993-04-14,1994-04-11,1995-04-09,1996-04-08,1997-04-06,1998-04-09,1999-04-03,2000-04-11,2001-04-02,2002-03-29,2003-04-04,2004-04-06,2005-04-10,2006-04-01,2007-04-05,2008-04-02,2009-04-07,2010-04-08,2011-04-12,2012-04-11,2013-03-28,2014-04-04,2015-04-06,2016-04-06,2017-04-10,2018-03-28,2019-04-05,2020-04-03,4  8,
Tsu,True,1953-04-12,1954-04-04,1955-04-05,1956-04-09,1957-04-13,1958-04-13,1959-04-01,1960-04-09,1961-04-09,1962-04-13,1963-04-10,1964-04-10,1965-04-17,1966-04-04,1967-04-05,1968-04-08,1969-04-11,1970-04-16,1971-04-07,1972-04-08,1973-04-13,1974-04-11,1975-04-09,1976-04-04,1977-04-04,1978-04-14,1979-04-09,1980-04-07,1981-04-05,1982-03-31,1983-04-08,1984-04-18,1985-04-06,1986-04-08,1987-04-06,1988-04-11,1989-04-01,1990-03-30,1991-04-07,1992-04-02,1993-04-07,1994-04-07,1995-04-10,1996-04-11,1997-04-04,1998-03-31,1999-04-03,2000-04-09,2001-04-04,2002-03-27,2003-04-02,2004-04-01,2005-04-08,2006-04-06,2007-04-01,2008-04-01,2009-04-02,2010-04-01,2011-04-05,2012-04-08,2013-03-30,2014-04-01,2015-03-31,2016-04-02,2017-04-05,2018-03-29,2019-04-03,2020-03-31,4  5,
Hamamatsu,False,1953-04-08,1954-04-03,1955-04-02,,1957-04-10,1958-04-06,1959-04-03,1960-04-06,1961-04-08,1962-04-12,1963-04-07,1964-04-06,1965-04-13,1966-04-05,1967-04-03,1968-04-05,1969-04-07,1970-04-08,1971-04-03,1972-04-03,1973-04-06,1974-04-02,1975-04-06,1976-03-31,1977-03-30,1978-04-10,1979-04-05,1980-04-08,1981-04-05,1982-03-30,1983-04-06,1984-04-12,1985-04-03,1986-04-07,1987-04-05,1988-04-12,1989-04-01,1990-04-01,1991-04-06,1992-04-02,1993-04-06,1994-04-08,1995-04-08,1996-04-04,1997-04-01,1998-04-03,1999-04-01,2000-04-09,2001-04-04,2002-03-26,2003-03-29,2004-04-03,2005-04-08,,,,,,,,,,,,,,,,-,
Shizuoka,True,1953-04-02,1954-04-03,1955-03-30,1956-04-03,1957-04-07,1958-04-04,1959-03-29,1960-04-05,1961-04-06,1962-04-09,1963-04-06,1964-04-05,1965-04-10,1966-03-30,1967-04-02,1968-04-04,1969-04-07,1970-04-10,1971-04-07,1972-04-06,1973-04-06,1974-04-05,1975-04-06,1976-03-30,1977-03-28,1978-04-10,1979-04-05,1980-04-07,1981-04-03,1982-03-29,1983-04-10,1984-04-12,1985-04-04,1986-04-06,1987-04-05,1988-04-12,1989-04-02,1990-04-02,1991-04-10,1992-04-04,1993-04-09,1994-04-09,1995-04-08,1996-04-02,1997-03-30,1998-03-31,1999-04-01,2000-04-06,2001-04-02,2002-03-22,2003-03-28,2004-04-01,2005-04-07,2006-03-27,2007-03-30,2008-03-27,2009-03-27,2010-03-26,2011-04-04,2012-04-01,2013-03-23,2014-03-31,2015-04-01,2016-04-05,2017-04-12,2018-03-27,2019-04-06,2020-04-07,4  3,
Tokyo,True,1953-04-05,1954-04-01,1955-04-05,1956-04-08,1957-04-10,1958-04-06,1959-04-05,1960-04-01,1961-04-08,1962-04-09,1963-04-06,1964-04-05,1965-04-12,1966-04-05,1967-04-05,1968-04-03,1969-04-10,1970-04-15,1971-04-05,1972-04-01,1973-04-08,1974-04-09,1975-04-06,1976-03-31,1977-03-31,1978-04-09,1979-04-04,1980-04-08,1981-04-08,1982-03-31,1983-04-08,1984-04-17,1985-04-10,1986-04-10,1987-04-05,1988-04-11,1989-04-03,1990-03-26,1991-04-08,1992-04-01,1993-04-02,1994-04-05,1995-04-07,1996-04-07,1997-03-30,1998-03-31,1999-04-02,2000-04-06,2001-03-28,2002-03-21,2003-04-01,2004-03-29,2005-04-06,2006-03-28,2007-03-29,2008-03-27,2009-04-02,2010-04-01,2011-04-06,2012-04-06,2013-03-22,2014-03-30,2015-03-29,2016-03-31,2017-04-02,2018-03-24,2019-03-27,2020-03-22,4  3,
Owase,False,1953-04-05,1954-04-04,1955-03-31,1956-04-06,1957-04-10,1958-04-08,1959-03-29,1960-04-02,1961-04-04,1962-04-09,1963-04-06,1964-04-07,1965-04-17,1966-03-29,1967-04-03,1968-04-04,1969-04-08,1970-04-10,1971-04-02,1972-04-03,1973-04-03,1974-04-02,1975-04-06,1976-04-05,1977-03-29,1978-04-10,1979-04-06,1980-04-05,1981-04-03,1982-03-30,1983-04-07,1984-04-11,1985-04-05,1986-04-06,1987-04-06,1988-04-08,1989-03-30,1990-04-01,1991-04-05,1992-04-03,1993-04-07,1994-04-07,1995-04-10,1996-04-03,1997-04-04,1998-03-31,1999-04-01,2000-04-07,2001-04-04,2002-03-27,2003-03-30,2004-04-03,2005-04-08,2006-03-30,2007-03-30,,,,,,,,,,,,,,-,
Yokohama,True,1953-03-31,1954-04-01,1955-04-04,1956-04-09,1957-04-10,1958-04-05,1959-04-03,1960-04-03,1961-04-07,1962-04-09,1963-04-07,1964-04-06,1965-04-10,1966-04-05,1967-04-04,1968-04-01,1969-04-11,1970-04-13,1971-04-05,1972-03-31,1973-04-06,1974-04-06,1975-04-07,1976-04-06,1977-04-03,1978-04-14,1979-04-04,1980-04-09,1981-04-07,1982-03-31,1983-04-08,1984-04-15,1985-04-08,1986-04-09,1987-03-31,1988-04-09,1989-04-01,1990-03-23,1991-04-06,1992-03-31,1993-04-02,1994-04-06,1995-04-07,1996-04-04,1997-03-31,1998-04-04,1999-04-02,2000-04-07,2001-03-29,2002-03-22,2003-04-01,2004-03-30,2005-04-07,2006-03-28,2007-03-30,2008-03-29,2009-04-04,2010-04-02,2011-04-08,2012-04-09,2013-03-22,2014-03-31,2015-03-31,2016-04-02,2017-04-06,2018-03-27,2019-04-01,2020-03-28,4  3,
Tateyama,False,,,,,,,,,,,,,,,,,1969-04-09,1970-04-11,1971-04-04,1972-04-03,1973-04-09,1974-04-08,1975-04-07,1976-04-04,1977-04-02,1978-04-16,1979-04-07,1980-04-12,1981-04-07,1982-04-02,1983-04-12,1984-04-15,1985-04-08,1986-04-09,1987-04-06,1988-04-12,1989-04-03,1990-04-01,1991-04-09,1992-04-03,1993-04-07,1994-04-08,1995-04-09,1996-04-05,1997-04-07,1998-04-06,1999-04-10,2000-04-10,2001-04-03,2002-03-27,2003-04-03,2004-04-05,2005-04-08,2006-03-29,,,,,,,,,,,,,,,-,
Oshima,False,,1954-04-02,,,,,,,,,,1964-04-07,1965-04-12,1966-03-31,1967-04-03,1968-03-31,1969-04-09,1970-04-08,1971-04-03,1972-04-05,1973-04-08,1974-04-09,1975-04-07,1976-04-04,1977-04-02,1978-04-11,1979-04-04,1980-04-09,1981-04-06,1982-04-01,1983-04-09,1984-04-13,1985-04-07,1986-04-07,1987-04-03,1988-04-12,1989-03-31,1990-04-02,1991-04-06,1992-04-03,1993-04-06,1994-04-07,1995-04-06,1996-04-06,1997-04-01,1998-03-31,1999-04-02,2000-04-09,2001-03-29,2002-03-23,2003-03-31,2004-04-01,2005-04-07,2006-03-28,2007-03-31,2008-03-31,2009-04-04,,,,,,,,,,,,-,
Miyakejima,False,,,,,,,,,,,,,1965-04-09,1966-03-26,1967-03-31,1968-04-02,1969-04-04,,1971-04-02,1972-04-06,1973-04-07,1974-03-31,,1976-04-02,1977-03-27,1978-04-11,1979-04-10,1980-04-06,1981-04-03,1982-04-01,1983-04-09,1984-04-10,1985-04-01,1986-04-05,1987-04-08,1988-04-13,1989-04-02,1990-04-04,1991-04-06,1992-04-07,1993-04-12,1994-04-07,1995-04-10,1996-04-05,1997-03-31,1998-04-06,1999-03-28,2000-04-08,,,,,,,,,,,,,,,,,,,,,-,
Hachijojima,False,1953-04-04,1954-04-11,1955-04-04,1956-04-05,1957-04-12,1958-04-16,1959-04-20,1960-04-15,1961-04-10,1962-04-16,1963-04-08,1964-04-12,1965-04-16,1966-04-10,1967-04-04,1968-04-05,1969-04-30,1970-04-10,1971-04-06,1972-04-19,1973-04-11,1974-04-04,1975-04-13,1976-04-03,1977-04-01,1978-04-14,1979-05-01,1980-04-11,1981-03-31,1982-04-04,1983-04-15,1984-04-08,1985-04-08,1986-04-04,1987-04-21,1988-04-15,1989-04-07,1990-04-13,1991-04-09,1992-04-11,1993-04-16,1994-04-10,1995-04-11,1996-03-29,1997-04-05,1998-04-10,1999-04-06,2000-04-13,2001-04-06,2002-04-06,2003-04-04,2004-04-01,2005-04-18,2006-04-03,,2008-04-07,2009-04-18,,,,,,,,,,,,-,
Saigo,False,1953-04-18,1954-04-05,1955-04-09,1956-04-14,1957-04-17,1958-04-10,1959-04-03,1960-04-07,1961-04-10,1962-04-14,1963-04-14,1964-04-13,1965-04-17,1966-04-08,1967-04-08,1968-04-12,1969-04-15,1970-04-17,1971-04-13,1972-04-11,1973-04-11,1974-04-14,1975-04-12,1976-04-11,1977-04-08,1978-04-14,1979-04-07,1980-04-15,1981-04-13,1982-04-08,1983-04-12,1984-04-20,1985-04-13,1986-04-14,1987-04-06,1988-04-17,1989-04-05,1990-04-03,1991-04-15,1992-04-06,1993-04-14,1994-04-14,1995-04-13,1996-04-19,1997-04-08,1998-04-05,1999-04-09,2000-04-12,2001-04-08,2002-04-01,2003-04-09,2004-04-02,2005-04-12,2006-04-09,2007-04-10,2008-04-08,,,,,,,,,,,,,-,
Matsue,True,1953-04-09,1954-04-03,1955-04-07,1956-04-09,1957-04-15,1958-04-08,,,,,,1964-04-07,1965-04-18,,1967-04-05,1968-04-10,1969-04-14,1970-04-16,1971-04-12,1972-04-10,1973-04-07,1974-04-11,1975-04-11,1976-04-13,1977-04-05,1978-04-14,1979-04-04,1980-04-10,1981-04-12,1982-04-07,1983-04-11,1984-04-17,1985-04-11,1986-04-13,1987-04-07,1988-04-15,1989-04-03,1990-03-30,1991-04-12,1992-04-05,1993-04-15,1994-04-10,1995-04-09,1996-04-14,1997-04-04,1998-04-04,1999-04-06,2000-04-08,2001-04-06,2002-03-30,2003-04-06,2004-03-31,2005-04-08,2006-04-06,2007-04-03,2008-04-06,2009-04-06,2010-04-03,2011-04-12,2012-04-10,2013-03-31,2014-04-02,2015-04-02,2016-03-30,2017-04-07,2018-03-29,2019-04-01,2020-03-30,4  8,
Yonago,False,,1954-04-15,1955-04-06,1956-04-11,1957-04-15,1958-04-08,1959-03-30,1960-04-03,1961-04-05,1962-04-10,1963-04-11,1964-04-05,1965-04-17,1966-04-06,1967-04-06,1968-04-08,1969-04-13,1970-04-15,1971-04-10,1972-04-07,1973-04-06,1974-04-09,1975-04-09,1976-04-07,1977-04-05,1978-04-12,1979-04-05,1980-04-10,1981-04-08,1982-04-04,1983-04-12,1984-04-17,1985-04-09,1986-04-11,1987-04-06,1988-04-14,1989-04-02,1990-03-30,1991-04-12,1992-04-06,1993-04-13,1994-04-10,1995-04-09,1996-04-11,1997-04-04,1998-03-31,1999-04-03,2000-04-08,2001-04-01,2002-03-28,2003-04-06,2004-03-29,2005-04-08,2006-04-07,2007-04-03,2008-04-05,,,,,,,,,,,,,-,
Tottori,True,1953-04-08,1954-04-03,1955-04-04,1956-04-08,1957-04-15,1958-04-07,1959-04-02,1960-04-04,1961-04-09,1962-04-10,1963-04-12,1964-04-08,1965-04-17,1966-04-05,1967-04-06,1968-04-09,1969-04-14,1970-04-15,1971-04-10,1972-04-07,1973-04-08,1974-04-09,1975-04-09,1976-04-08,1977-04-07,1978-04-13,1979-04-07,1980-04-09,1981-04-07,1982-04-04,1983-04-08,1984-04-17,1985-04-10,1986-04-12,1987-04-06,1988-04-15,1989-04-03,1990-03-30,1991-04-10,1992-04-06,1993-04-14,1994-04-09,1995-04-08,1996-04-14,1997-04-04,1998-03-31,1999-04-01,2000-04-09,2001-04-03,2002-03-30,2003-04-07,2004-03-29,2005-04-08,2006-04-07,2007-04-08,2008-04-04,2009-04-07,2010-04-04,2011-04-08,2012-04-10,2013-03-29,2014-04-02,2015-04-01,2016-03-31,2017-04-07,2018-03-28,2019-04-04,2020-03-31,4  7,
Toyooka,False,1953-04-10,1954-04-05,1955-04-05,1956-04-11,1957-04-11,1958-04-08,1959-03-31,1960-04-02,1961-04-09,1962-04-12,1963-04-13,1964-04-07,1965-04-17,1966-04-06,1967-04-08,1968-04-10,1969-04-14,1970-04-18,1971-04-11,1972-04-05,1973-04-08,1974-04-10,1975-04-10,1976-04-10,1977-04-11,1978-04-14,1979-04-05,1980-04-09,1981-04-09,1982-04-04,1983-04-07,1984-04-18,1985-04-12,1986-04-14,1987-04-09,1988-04-16,1989-04-03,1990-04-01,1991-04-10,1992-04-06,1993-04-13,1994-04-11,1995-04-10,1996-04-15,1997-04-09,1998-04-03,1999-04-06,2000-04-12,2001-04-04,2002-03-31,2003-04-08,2004-03-31,2005-04-09,2006-04-09,2007-04-03,,,,,,,,,,,,,,-,
Maizuru,False,1953-04-10,1954-04-04,1955-04-07,1956-04-11,1957-04-16,1958-04-09,1959-04-03,1960-04-05,1961-04-09,1962-04-10,1963-04-11,1964-04-07,1965-04-17,1966-04-06,1967-04-09,1968-04-13,1969-04-13,1970-04-18,1971-04-11,1972-04-06,1973-04-09,1974-04-11,1975-04-11,1976-04-11,1977-04-10,1978-04-14,1979-04-05,1980-04-10,1981-04-11,1982-04-04,1983-04-10,1984-04-18,1985-04-10,1986-04-11,1987-04-06,1988-04-15,1989-04-03,1990-03-31,1991-04-10,1992-04-05,1993-04-11,1994-04-12,1995-04-12,1996-04-15,1997-04-08,1998-03-31,1999-04-04,2000-04-12,2001-04-05,2002-03-31,2003-04-09,2004-03-31,2005-04-10,2006-04-10,2007-04-09,2008-04-07,2009-04-06,2010-04-06,2011-04-10,2012-04-12,,,,,,,,,4  8,
Hamada,False,1953-04-02,1954-04-02,1955-04-02,1956-04-11,1957-04-13,1958-04-05,1959-04-03,1960-04-04,1961-04-04,1962-04-09,1963-04-10,1964-04-05,1965-04-11,1966-04-03,1967-04-05,1968-04-08,1969-04-12,1970-04-13,1971-04-08,1972-04-11,1973-04-06,1974-04-09,1975-04-08,1976-04-06,1977-04-02,1978-04-11,1979-04-05,1980-04-06,1981-04-06,1982-03-30,1983-04-08,1984-04-13,1985-04-09,1986-04-09,1987-04-07,1988-04-12,1989-04-02,1990-03-27,1991-04-11,1992-04-02,1993-04-10,1994-04-06,1995-04-10,1996-04-07,1997-04-07,1998-03-30,1999-04-03,2000-04-04,2001-04-03,2002-03-26,2003-04-03,2004-04-03,2005-04-07,2006-04-04,2007-04-01,,,,,,,,,,,,,,-,
Kyoto,True,1953-04-11,1954-04-05,1955-04-07,1956-04-10,1957-04-12,1958-04-08,1959-04-02,1960-04-05,1961-04-06,1962-04-07,1963-04-09,1964-04-06,1965-04-17,1966-04-06,1967-04-06,1968-04-05,1969-04-13,1970-04-15,1971-04-07,1972-04-07,1973-04-08,1974-04-09,1975-04-10,1976-04-09,1977-04-03,1978-04-13,1979-04-09,1980-04-08,1981-04-08,1982-03-31,1983-04-09,1984-04-14,1985-04-08,1986-04-08,1987-04-06,1988-04-11,1989-04-02,1990-03-29,1991-04-06,1992-04-03,1993-04-06,1994-04-06,1995-04-06,1996-04-09,1997-04-04,1998-04-01,1999-04-02,2000-04-10,2001-04-03,2002-03-28,2003-04-04,2004-04-03,2005-04-08,2006-04-06,2007-04-03,2008-04-01,2009-04-05,2010-04-01,2011-04-07,2012-04-09,2013-03-30,2014-04-02,2015-04-01,2016-04-02,2017-04-07,2018-03-28,2019-04-06,2020-03-30,4  5,
Hikone,True,1953-04-12,1954-04-07,1955-04-08,1956-04-12,1957-04-16,1958-04-10,1959-04-05,1960-04-10,1961-04-12,1962-04-13,1963-04-12,1964-04-13,1965-04-24,1966-04-13,1967-04-12,1968-04-13,1969-04-14,1970-04-18,1971-04-10,1972-04-08,1973-04-08,1974-04-12,1975-04-11,1976-04-10,1977-04-10,1978-04-14,1979-04-09,1980-04-12,1981-04-11,1982-04-05,1983-04-11,1984-04-19,1985-04-11,1986-04-14,1987-04-09,1988-04-14,1989-04-04,1990-04-02,1991-04-09,1992-04-06,1993-04-11,1994-04-11,1995-04-10,1996-04-17,1997-04-06,1998-04-05,1999-04-08,2000-04-14,2001-04-08,2002-04-02,2003-04-06,2004-04-02,2005-04-10,2006-04-12,2007-04-11,2008-04-06,2009-04-08,2010-04-07,2011-04-11,2012-04-12,2013-04-05,2014-04-09,2015-04-04,2016-04-05,2017-04-09,2018-04-01,2019-04-08,2020-04-03,4  9,
Hiroshima,True,1953-04-11,1954-04-06,1955-04-06,1956-04-11,1957-04-11,1958-04-07,1959-04-03,1960-04-08,1961-04-06,1962-04-12,1963-04-08,1964-04-06,1965-04-17,1966-04-07,1967-04-08,1968-04-07,1969-04-13,1970-04-14,1971-04-07,1972-04-07,1973-04-03,1974-04-07,1975-04-08,1976-04-04,1977-04-02,1978-04-10,1979-04-07,1980-04-06,1981-04-05,1982-04-01,1983-04-08,1984-04-14,1985-04-08,1986-04-08,1987-04-05,1988-04-10,1989-04-01,1990-03-31,1991-04-07,1992-04-03,1993-04-04,1994-04-04,1995-04-08,1996-04-08,1997-04-01,1998-03-29,1999-04-04,2000-04-04,2001-04-01,2002-03-27,2003-04-01,2004-03-31,2005-04-09,2006-04-06,2007-04-02,2008-04-02,2009-04-05,2010-04-02,2011-04-10,2012-04-09,2013-03-29,2014-03-30,2015-03-30,2016-04-02,2017-04-07,2018-03-28,2019-04-03,2020-04-03,4  4,
Okayama,True,1953-04-09,1954-04-03,1955-04-03,1956-04-09,1957-04-10,1958-04-07,1959-04-02,1960-04-06,1961-04-07,1962-04-11,1963-04-11,1964-04-06,1965-04-15,1966-04-03,1967-04-07,1968-04-09,1969-04-12,1970-04-14,1971-04-08,1972-04-07,1973-04-06,1974-04-11,1975-04-10,1976-04-07,1977-04-05,1978-04-10,1979-04-05,1980-04-09,1981-04-08,1982-04-02,1983-04-08,1984-04-15,1985-04-09,1986-04-10,1987-04-05,1988-04-13,1989-04-02,1990-03-30,1991-04-07,1992-04-05,1993-04-08,1994-04-06,1995-04-08,1996-04-10,1997-04-04,1998-04-01,1999-04-03,2000-04-08,2001-04-06,2002-03-29,2003-04-05,2004-04-02,2005-04-09,2006-04-07,2007-04-04,2008-04-04,2009-04-05,2010-04-03,2011-04-07,2012-04-09,2013-03-31,2014-04-02,2015-04-02,2016-04-01,2017-04-07,2018-03-28,2019-04-05,2020-03-31,4  6,
Kobe,True,1953-04-09,1954-04-04,1955-04-07,1956-04-07,1957-04-11,1958-04-07,1959-03-31,1960-04-07,1961-04-05,1962-04-10,1963-04-14,1964-04-09,1965-04-14,1966-04-03,1967-04-03,1968-04-04,1969-04-12,1970-04-13,1971-04-03,1972-04-05,1973-04-04,1974-04-07,1975-04-07,1976-04-06,1977-03-31,1978-04-10,1979-04-07,1980-04-08,1981-04-06,1982-03-31,1983-04-08,1984-04-14,1985-04-07,1986-04-09,1987-04-05,1988-04-11,1989-04-01,1990-03-28,1991-04-06,1992-04-03,1993-04-10,1994-04-06,1995-04-10,1996-04-08,1997-04-02,1998-03-31,1999-04-02,2000-04-08,2001-04-02,2002-03-30,2003-04-02,2004-04-06,2005-04-09,2006-04-08,2007-04-08,2008-04-03,2009-04-06,2010-04-04,2011-04-10,2012-04-09,2013-03-31,2014-04-01,2015-04-02,2016-04-03,2017-04-10,2018-03-29,2019-04-06,2020-04-03,4  5,
Osaka,True,,,,,1957-04-10,,1959-04-03,1960-04-09,,1962-04-09,,,1965-04-15,1966-04-05,1967-04-03,1968-04-04,1969-04-10,1970-04-14,1971-04-07,1972-04-05,1973-04-05,1974-04-08,1975-04-09,1976-04-07,1977-04-01,1978-04-10,1979-04-09,1980-04-09,1981-04-06,1982-03-31,1983-04-08,1984-04-16,1985-04-08,1986-04-09,1987-04-07,1988-04-11,1989-04-01,1990-03-30,1991-04-06,1992-04-02,1993-04-07,1994-04-06,1995-04-07,1996-04-09,1997-04-04,1998-04-03,1999-03-29,2000-04-08,2001-04-04,2002-03-28,2003-04-02,2004-04-02,2005-04-08,2006-04-04,2007-04-03,2008-04-02,2009-04-06,2010-04-04,2011-04-07,2012-04-09,2013-03-29,2014-04-02,2015-04-01,2016-04-01,2017-04-06,2018-03-26,2019-04-04,2020-04-03,4  5,
Sumoto,False,1953-04-15,1954-04-02,1955-04-07,1956-04-10,1957-04-12,1958-04-05,1959-04-03,,1961-04-07,1962-04-08,1963-04-10,1964-04-06,1965-04-14,1966-03-31,1967-04-03,1968-04-06,1969-04-11,1970-04-12,1971-04-04,1972-04-05,1973-04-04,1974-04-06,1975-04-07,1976-04-05,1977-04-01,1978-04-10,1979-04-05,1980-04-08,1981-04-07,1982-04-01,1983-04-09,1984-04-15,1985-04-09,1986-04-10,1987-04-05,1988-04-13,1989-04-01,1990-03-27,1991-04-09,1992-04-03,1993-04-09,1994-04-06,1995-04-11,1996-04-10,1997-04-06,1998-03-30,1999-04-06,2000-04-09,2001-04-03,2002-03-28,,,,,,,,,,,,,,,,,,,-,
Wakayama,True,,,1955-04-03,1956-04-03,1957-04-08,1958-04-04,1959-03-27,1960-04-04,1961-04-03,1962-04-08,1963-04-05,1964-04-05,1965-04-11,1966-03-29,1967-04-01,1968-04-02,1969-04-12,1970-04-12,1971-04-02,1972-04-02,1973-04-02,1974-04-03,1975-04-04,1976-04-02,1977-03-28,1978-04-08,1979-04-05,1980-04-06,1981-04-02,1982-03-28,1983-04-07,1984-04-11,1985-04-06,1986-04-08,1987-04-08,1988-04-12,1989-04-02,1990-04-01,1991-04-05,1992-04-03,1993-04-07,1994-04-06,1995-04-07,1996-04-08,1997-04-01,1998-04-04,1999-04-02,2000-04-06,2001-04-02,2002-03-26,2003-04-03,2004-04-01,2005-04-07,2006-04-04,2007-04-01,2008-04-02,2009-04-03,2010-03-31,2011-04-07,2012-04-04,2013-03-26,2014-03-31,2015-03-30,2016-03-31,2017-04-07,2018-03-27,2019-04-01,2020-03-31,4  4,
Shionomisaki,False,,,,,,1958-04-07,,1960-03-30,,1962-04-10,1963-04-04,1964-04-09,1965-04-13,1966-03-31,1967-03-31,1968-04-02,1969-04-11,1970-04-09,1971-04-04,1972-04-05,1973-04-07,1974-04-05,1975-04-05,1976-04-02,1977-03-26,1978-04-12,1979-04-08,1980-04-07,1981-04-01,1982-04-02,1983-04-07,1984-04-09,1985-04-05,1986-04-07,1987-04-07,1988-04-11,1989-03-30,1990-04-02,1991-04-04,1992-04-05,1993-04-14,1994-04-09,1995-04-09,1996-04-01,1997-04-07,1998-04-03,1999-04-07,2000-04-09,2001-04-03,2002-03-30,2003-03-31,2004-04-03,2005-04-08,2006-03-29,2007-04-06,2008-04-02,2009-03-30,,,,,,,,,,,,-,
Nara,True,,1954-04-04,1955-04-06,1956-04-07,1957-04-13,1958-04-08,1959-03-29,1960-04-04,1961-04-07,1962-04-09,1963-04-07,1964-04-07,1965-04-17,1966-04-08,1967-04-08,1968-04-08,1969-04-12,1970-04-17,1971-04-07,1972-04-06,1973-04-05,1974-04-08,1975-04-09,1976-04-05,1977-04-04,1978-04-11,1979-04-06,1980-04-08,1981-04-06,1982-04-01,1983-04-07,1984-04-16,1985-04-08,1986-04-10,1987-04-06,1988-04-14,1989-04-02,1990-03-28,1991-04-05,1992-04-01,1993-04-07,1994-04-06,1995-04-08,1996-04-08,1997-04-03,1998-03-31,1999-04-02,2000-04-10,2001-04-04,2002-03-26,2003-04-04,2004-03-30,2005-04-07,2006-04-05,2007-04-04,2008-04-03,2009-04-06,2010-04-02,2011-04-08,2012-04-09,2013-03-29,2014-04-01,2015-03-31,2016-04-02,2017-04-08,2018-03-29,2019-04-05,2020-04-03,4  5,
Matsuyama,True,1953-04-09,1954-04-07,1955-04-06,1956-04-08,1957-04-09,1958-04-07,1959-04-03,1960-04-09,1961-04-05,1962-04-11,1963-04-15,1964-04-04,1965-04-10,1966-04-05,1967-04-03,1968-04-04,1969-04-11,1970-04-12,1971-04-03,1972-04-06,1973-04-03,1974-04-05,1975-04-07,1976-04-06,1977-03-30,1978-04-10,1979-04-05,1980-04-05,1981-04-01,1982-03-27,1983-04-06,1984-04-11,1985-04-06,1986-04-06,1987-04-06,1988-04-12,1989-04-01,1990-03-28,1991-04-05,1992-04-02,1993-04-07,1994-04-05,1995-04-08,1996-04-08,1997-04-01,1998-04-05,1999-04-02,2000-04-04,2001-03-30,2002-03-26,2003-04-02,2004-04-02,2005-04-07,2006-04-03,2007-04-01,2008-04-04,2009-04-01,2010-04-02,2011-04-06,2012-04-04,2013-03-27,2014-03-29,2015-04-01,2016-04-03,2017-04-08,2018-03-27,2019-04-05,2020-04-09,4  4,
Takamatsu,True,1953-04-08,1954-04-06,1955-04-07,1956-04-10,1957-04-12,1958-04-07,1959-04-03,1960-04-06,1961-04-08,1962-04-11,1963-04-10,1964-04-06,1965-04-12,1966-04-04,1967-04-05,1968-04-08,1969-04-11,1970-04-14,1971-04-06,1972-04-07,1973-04-06,1974-04-09,1975-04-07,1976-04-07,1977-04-01,1978-04-10,1979-04-07,1980-04-07,1981-04-06,1982-04-02,1983-04-09,1984-04-15,1985-04-08,1986-04-10,1987-04-05,1988-04-13,1989-04-02,1990-03-29,1991-04-07,1992-04-04,1993-04-08,1994-04-06,1995-04-08,1996-04-10,1997-04-04,1998-04-02,1999-04-04,2000-04-06,2001-03-31,2002-03-23,2003-04-04,2004-04-03,2005-04-06,2006-04-06,2007-04-04,2008-04-03,2009-04-03,2010-04-04,2011-04-08,2012-04-06,2013-03-30,2014-03-31,2015-04-01,2016-04-04,2017-04-08,2018-03-29,2019-04-04,2020-04-04,4  5,
Uwajima,False,,,,,,,,,,,,,,,1967-04-03,1968-04-01,1969-04-10,1970-04-11,1971-04-02,1972-04-02,1973-04-02,1974-04-02,1975-04-05,1976-04-04,1977-03-27,1978-04-10,1979-04-07,1980-04-05,1981-03-31,1982-03-25,1983-04-04,1984-04-06,1985-04-05,1986-04-03,1987-04-05,1988-04-08,1989-03-31,1990-03-26,1991-03-31,1992-03-31,1993-04-08,1994-04-06,1995-04-07,1996-04-01,1997-03-29,1998-04-03,1999-04-01,2000-04-04,2001-03-28,2002-03-23,2003-03-28,2004-04-01,2005-04-05,,,,,,,,,,,,,,,,-,
Kochi,True,,,1955-03-28,1956-03-31,1957-04-07,,1959-04-01,1960-04-03,1961-04-02,1962-04-07,1963-04-03,,1965-04-09,1966-03-27,1967-03-28,1968-03-31,1969-04-06,1970-04-05,1971-03-30,1972-03-30,1973-03-31,1974-03-31,1975-03-31,1976-03-30,1977-03-27,1978-04-09,1979-04-03,1980-04-02,1981-03-28,1982-03-24,1983-04-04,1984-04-03,1985-03-31,1986-04-02,1987-04-03,1988-04-07,1989-03-24,1990-03-23,1991-03-29,1992-04-02,1993-04-06,1994-04-05,1995-04-07,1996-04-02,1997-03-26,1998-03-31,1999-04-01,2000-04-03,2001-03-30,2002-03-23,2003-03-25,2004-03-31,2005-04-06,2006-03-24,2007-04-01,2008-03-28,2009-03-24,2010-03-21,2011-03-31,2012-03-27,2013-03-22,2014-03-25,2015-03-30,2016-04-02,2017-04-06,2018-03-19,2019-03-29,2020-04-02,3 30,
Tokushima,True,1953-04-05,1954-04-05,1955-04-04,1956-04-07,1957-04-10,1958-04-06,1959-04-03,1960-04-03,1961-04-06,1962-04-09,1963-04-09,1964-04-05,1965-04-12,1966-03-28,1967-04-01,1968-04-05,1969-04-11,1970-04-12,1971-04-04,1972-04-05,1973-04-04,1974-04-07,1975-04-07,1976-04-05,1977-04-01,1978-04-08,1979-04-09,1980-04-06,1981-04-06,1982-03-31,1983-04-09,1984-04-10,1985-04-08,1986-04-07,1987-04-07,1988-04-13,1989-04-03,1990-03-31,1991-04-07,1992-04-04,1993-04-09,1994-04-07,1995-04-07,1996-04-06,1997-04-02,1998-04-03,1999-04-02,2000-04-07,2001-04-03,2002-03-27,2003-04-03,2004-04-03,2005-04-06,2006-04-04,2007-04-03,2008-04-03,2009-04-03,2010-04-06,2011-04-08,2012-04-05,2013-03-30,2014-04-01,2015-04-03,2016-04-08,2017-04-10,2018-03-28,2019-04-07,2020-04-05,4  5,
Shimonoseki,True,1953-04-10,1954-04-06,1955-04-05,1956-04-09,1957-04-11,1958-04-08,1959-04-05,1960-04-06,1961-04-06,1962-04-10,1963-04-11,1964-04-07,1965-04-11,1966-04-06,1967-04-06,1968-04-07,1969-04-12,1970-04-13,1971-04-08,1972-04-11,1973-04-02,1974-04-05,1975-04-05,1976-04-08,1977-04-01,1978-04-07,1979-04-09,1980-04-08,1981-04-06,1982-04-02,1983-04-09,1984-04-12,1985-04-09,1986-04-09,1987-04-08,1988-04-13,1989-04-02,1990-03-31,1991-04-12,1992-04-04,1993-04-09,1994-04-05,1995-04-10,1996-04-07,1997-04-01,1998-04-05,1999-04-06,2000-04-05,2001-04-04,2002-03-28,2003-04-01,2004-04-02,2005-04-08,2006-04-07,2007-04-02,2008-04-04,2009-04-01,2010-04-01,2011-04-07,2012-04-06,2013-03-28,2014-03-30,2015-04-01,2016-04-03,2017-04-07,2018-03-29,2019-04-05,2020-04-05,4  5,
Izuhara,False,1953-04-08,1954-04-02,1955-04-04,1956-04-12,1957-04-10,1958-04-06,1959-03-30,1960-04-03,1961-04-02,1962-04-12,1963-04-06,1964-04-04,1965-04-11,1966-04-04,1967-04-03,1968-04-04,1969-04-08,1970-04-08,1971-04-02,1972-04-06,1973-03-31,1974-04-06,1975-04-05,1976-04-07,1977-03-29,1978-04-07,1979-04-08,1980-04-04,1981-04-02,1982-03-27,1983-04-07,1984-04-10,1985-04-06,1986-04-06,1987-03-29,1988-04-13,1989-03-31,1990-03-26,1991-04-09,1992-04-01,1993-04-10,1994-04-06,1995-04-10,1996-04-07,1997-03-28,1998-04-02,1999-04-03,2000-04-02,2001-04-03,2002-03-24,2003-03-30,2004-04-02,2005-04-07,2006-03-30,2007-04-02,2008-04-02,2009-03-26,,,,,,,,,,,,-,
Fukuoka,True,1953-04-05,1954-04-08,1955-04-05,1956-04-09,1957-04-08,1958-04-05,1959-04-01,1960-03-31,,1962-04-08,1963-04-07,1964-04-04,1965-04-08,1966-04-04,1967-04-04,1968-04-03,1969-04-07,1970-04-08,1971-04-04,1972-04-05,1973-04-02,1974-04-04,1975-04-06,1976-04-02,1977-03-29,1978-04-08,1979-04-06,1980-04-05,1981-04-02,1982-03-26,1983-04-04,1984-04-10,1985-04-07,1986-04-03,1987-04-03,1988-04-09,1989-03-28,1990-03-28,1991-04-06,1992-03-31,1993-04-05,1994-04-05,1995-04-08,1996-04-01,1997-03-28,1998-04-03,1999-04-01,2000-04-02,2001-04-01,2002-03-25,2003-03-28,2004-03-30,2005-04-06,2006-04-03,2007-03-31,2008-04-02,2009-03-23,2010-03-25,2011-04-02,2012-04-01,2013-03-22,2014-03-27,2015-03-29,2016-03-30,2017-04-05,2018-03-27,2019-03-29,2020-04-02,4  1,
Saga,True,1953-04-09,1954-04-05,1955-04-04,1956-04-04,1957-04-07,1958-04-04,1959-03-31,1960-04-08,1961-04-01,1962-04-09,1963-04-05,1964-04-03,1965-04-03,1966-04-02,,1968-04-05,1969-04-08,1970-04-10,1971-04-06,1972-04-04,1973-03-31,1974-04-03,1975-04-05,1976-04-03,1977-03-28,1978-04-10,1979-04-05,1980-04-02,1981-03-31,1982-03-25,1983-04-05,1984-04-06,1985-04-05,1986-04-03,1987-04-04,1988-04-10,1989-04-01,1990-03-31,1991-04-05,1992-04-04,1993-04-06,1994-04-05,1995-04-08,1996-04-05,1997-03-31,1998-03-31,1999-04-01,2000-04-03,2001-04-04,2002-03-27,2003-03-30,2004-03-31,2005-04-07,2006-04-03,2007-03-31,2008-04-02,2009-03-29,2010-04-02,2011-04-05,2012-04-03,2013-03-25,2014-03-26,2015-03-31,2016-03-31,2017-04-08,2018-03-27,2019-04-01,2020-04-02,4  3,
Oita,True,1953-04-06,1954-04-03,1955-04-02,1956-04-09,1957-04-09,1958-04-07,1959-04-02,1960-04-05,1961-04-06,1962-04-11,1963-04-09,1964-04-06,1965-04-11,1966-04-02,1967-04-03,1968-04-04,1969-04-10,1970-04-11,1971-04-05,1972-04-06,1973-04-02,1974-04-02,1975-04-06,1976-04-10,1977-03-30,1978-04-09,1979-04-08,1980-04-05,1981-04-01,1982-03-27,1983-04-05,1984-04-09,1985-04-05,1986-04-04,1987-04-06,1988-04-12,1989-04-01,1990-03-27,1991-04-05,1992-04-03,1993-04-08,1994-04-05,1995-04-07,1996-04-07,1997-04-01,1998-04-02,1999-04-08,2000-04-03,2001-04-04,2002-03-28,2003-04-02,2004-04-03,2005-04-08,2006-04-03,2007-04-04,2008-04-04,2009-03-28,2010-03-29,2011-04-05,2012-04-03,2013-03-25,2014-03-30,2015-04-03,2016-04-08,2017-04-13,2018-03-30,2019-04-06,2020-04-08,4  3,
Fukue,False,1953-04-06,1954-04-07,1955-04-02,1956-04-07,1957-04-07,1958-04-03,1959-04-01,1960-04-04,1961-04-03,1962-04-07,1963-04-06,1964-04-03,1965-04-14,1966-03-30,1967-04-04,1968-04-05,1969-04-08,1970-04-08,1971-04-04,1972-04-09,1973-04-04,1974-03-31,1975-04-05,1976-04-03,1977-03-26,1978-04-09,1979-04-07,1980-04-04,1981-04-02,1982-03-29,1983-04-07,1984-04-11,1985-04-04,1986-04-06,1987-04-07,1988-04-12,1989-03-31,1990-03-28,1991-04-05,1992-03-31,1993-04-06,1994-04-07,1995-04-12,1996-04-05,1997-03-30,1998-04-03,1999-04-05,2000-04-03,2001-04-03,2002-03-30,2003-03-31,2004-04-03,2005-04-08,2006-04-03,2007-04-09,2008-04-08,2009-04-01,,,,,,,,,,,,-,
Nagasaki,True,1953-04-06,1954-04-05,1955-03-31,1956-04-05,1957-04-10,1958-03-28,1959-03-30,1960-04-02,1961-04-03,1962-04-09,1963-04-05,1964-04-04,1965-04-08,1966-04-01,1967-04-03,1968-04-03,1969-04-09,1970-04-09,1971-04-03,1972-04-05,1973-04-01,1974-03-31,1975-04-05,1976-04-02,1977-03-24,1978-04-08,1979-04-04,1980-04-03,1981-03-31,1982-03-28,1983-04-06,1984-04-06,1985-04-05,1986-04-03,1987-04-04,1988-04-09,1989-03-31,1990-03-29,1991-04-04,1992-04-01,1993-04-07,1994-04-05,1995-04-10,1996-04-06,1997-03-29,1998-04-04,1999-04-04,2000-04-02,2001-04-01,2002-03-29,2003-03-29,2004-04-02,2005-04-08,2006-04-03,2007-04-01,2008-04-06,2009-03-27,2010-03-31,2011-04-07,2012-04-02,2013-03-23,2014-03-27,2015-03-31,2016-03-30,2017-04-07,2018-03-26,2019-04-03,2020-04-03,4  3,
Kumamoto,True,1953-04-04,1954-04-04,1955-03-30,1956-04-01,1957-04-07,1958-04-04,1959-03-29,1960-03-30,1961-03-30,1962-04-09,1963-04-05,1964-04-02,1965-04-10,1966-03-28,1967-04-03,1968-04-03,1969-04-08,1970-04-09,1971-04-04,1972-04-01,1973-04-01,1974-04-05,1975-04-04,1976-04-01,1977-03-26,1978-04-07,1979-04-03,1980-04-01,1981-03-31,1982-03-24,1983-04-03,1984-04-05,1985-04-04,1986-04-02,1987-04-03,1988-04-07,1989-03-29,1990-03-29,1991-04-03,1992-03-30,1993-04-05,1994-04-04,1995-04-08,1996-03-31,1997-03-27,1998-04-01,1999-04-03,2000-04-03,2001-04-03,2002-03-29,2003-03-31,2004-04-02,2005-04-08,2006-03-31,2007-04-02,2008-04-01,2009-03-24,2010-03-26,2011-04-07,2012-04-02,2013-03-22,2014-03-27,2015-03-31,2016-04-02,2017-04-08,2018-03-26,2019-04-04,2020-04-02,4  1,
Nobeoka,False,,,,,,,,,,1962-04-06,1963-04-05,1964-04-03,1965-04-09,1966-03-27,1967-03-28,1968-03-31,1969-04-03,1970-04-03,1971-04-04,1972-03-30,1973-03-30,1974-03-30,1975-04-03,1976-03-31,1977-03-28,1978-04-10,1979-04-08,1980-04-04,1981-04-01,1982-03-28,1983-04-06,1984-04-05,1985-04-05,1986-04-03,1987-04-04,1988-04-10,1989-03-29,1990-03-30,1991-04-01,1992-04-04,1993-04-07,1994-04-06,,,,,,,,,,,,,,,,,,,,,,,,,,,-,
Kagoshima,True,1953-04-08,1954-04-08,1955-04-03,1956-04-02,1957-04-07,1958-04-03,1959-03-30,1960-04-03,1961-04-03,1962-04-08,1963-04-06,1964-04-03,1965-04-04,1966-03-27,1967-04-02,1968-04-04,1969-04-07,1970-04-07,1971-04-03,1972-04-01,1973-03-31,1974-04-03,1975-04-10,1976-04-01,1977-03-26,1978-04-11,1979-04-05,1980-03-30,1981-03-28,1982-03-28,1983-04-03,1984-03-31,1985-04-02,1986-03-30,1987-04-02,1988-04-08,1989-04-05,1990-03-29,1991-04-05,1992-04-03,1993-04-10,1994-04-04,1995-04-10,1996-03-31,1997-03-30,1998-04-09,1999-04-06,2000-04-06,2001-04-05,2002-04-01,2003-04-02,2004-04-06,2005-04-09,2006-03-29,2007-04-04,2008-04-12,2009-04-01,2010-04-06,2011-04-05,2012-04-05,2013-03-26,2014-03-31,2015-03-31,2016-04-06,2017-04-15,2018-03-29,2019-04-09,2020-04-19,4  4,
Miyazaki,True,1953-04-03,1954-04-06,1955-04-04,1956-04-04,1957-04-03,1958-03-30,1959-03-30,1960-03-29,1961-04-02,1962-04-07,1963-04-04,1964-04-03,1965-04-06,1966-04-01,1967-04-01,1968-03-31,1969-04-03,1970-04-07,1971-04-03,1972-03-30,1973-03-31,1974-04-02,1975-04-06,1976-04-02,1977-03-27,1978-04-09,1979-04-06,1980-04-04,1981-03-30,1982-03-24,1983-04-05,1984-04-06,1985-03-31,1986-04-02,1987-04-02,1988-04-06,1989-04-03,1990-03-29,1991-03-28,1992-04-03,1993-04-13,1994-04-05,1995-04-10,1996-04-03,1997-03-31,1998-04-01,1999-04-05,2000-04-05,2001-04-02,2002-03-29,2003-03-30,2004-04-02,2005-04-05,2006-03-30,2007-04-03,2008-04-06,2009-03-23,2010-04-02,2011-04-04,2012-04-03,2013-03-22,2014-03-28,2015-04-01,2016-04-05,2017-04-09,2018-03-26,2019-04-05,2020-04-08,4  2,
Yakushima,False,,,,,,,,,,,,,,,,,,,,,,,,,,,,,,,,,,,,,,,1991-04-10,,,,,,,,,,,,,,,,,,,,,,,,,,,,,,-,
Tanegashima,False,1953-04-03,,,,,1958-04-05,1959-04-09,1960-04-05,1961-04-05,,1963-04-03,,1965-04-11,1966-03-31,,1968-04-03,,,,1972-04-07,1973-03-20,1974-04-02,1975-04-15,1976-04-02,1977-03-26,1978-04-15,1979-04-27,1980-04-06,1981-03-27,1982-03-31,1983-04-08,1984-04-03,1985-04-07,1986-04-01,1987-04-05,1988-04-05,1989-04-03,1990-03-28,1991-04-07,1992-04-08,,,,1996-03-28,1997-03-30,,,2000-04-12,2001-04-23,,2003-04-03,2004-03-31,2005-04-09,2006-03-31,2007-04-25,,,,,,,,,,,,,,-,
Naze,True,1953-02-02,,,1956-01-24,1957-01-31,,1959-02-12,1960-02-05,,,,,,,,,,,,,,1974-01-23,1975-02-03,1976-01-30,1977-01-21,1978-02-08,1979-01-31,1980-02-01,1981-01-31,1982-01-30,1983-01-31,1984-02-02,1985-02-03,1986-01-29,1987-02-05,1988-01-18,1989-01-13,1990-01-28,1991-02-04,1992-01-28,1993-01-29,1994-01-29,1995-02-11,1996-01-22,1997-01-27,1998-01-27,1999-02-04,2000-01-31,2001-02-05,2002-01-29,2003-01-26,2004-02-01,2005-02-08,2006-01-24,2007-02-07,2008-02-02,2009-02-04,2010-02-03,2011-02-07,2012-01-30,2013-01-28,2014-01-31,2015-01-29,2016-02-02,2017-02-13,2018-02-05,2019-02-07,2020-02-07,1 30,Taiwan cherry (Prunus campanulata)
Yonaguni Island,False,,,,,,,,,,,,,,,,,,,,,,,,,,,,,,,,,,,,,,,,1992-02-10,1993-02-17,1994-02-07,1995-03-02,1996-02-17,1997-02-12,1998-03-01,1999-03-03,2000-02-06,2001-02-21,2002-02-14,2003-02-10,2004-02-11,2005-02-15,2006-01-31,2007-02-16,,,,,,,,,,,,,,-,Taiwan cherry (Prunus campanulata)
Ishigaki Island,True,,,,,,1958-01-27,1959-02-02,,,1962-02-20,1963-02-15,,,,1967-02-13,1968-01-19,,,1971-02-10,1972-02-20,1973-02-06,1974-01-20,,1976-01-28,1977-02-03,1978-02-18,1979-02-08,1980-02-03,1981-02-02,1982-01-24,1983-02-09,1984-01-26,1985-01-30,1986-02-02,1987-01-27,1988-01-25,1989-01-08,1990-01-30,1991-02-18,1992-01-27,1993-01-29,1994-01-30,1995-02-19,1996-01-23,1997-02-06,1998-03-01,1999-02-24,2000-02-03,2001-02-08,2002-02-01,2003-02-20,2004-02-02,2005-02-07,2006-02-02,2007-02-27,2008-02-20,2009-02-16,2010-02-08,2011-02-10,2012-02-09,2013-02-14,2014-02-10,2015-01-24,2016-03-02,2017-02-19,2018-02-07,2019-02-08,,2  5,Taiwan cherry (Prunus campanulata)
Miyakojima,True,,1954-02-14,,1956-02-10,1957-01-25,1958-01-28,1959-02-04,,,,,,,,,,,,,,1973-02-12,,1975-02-10,,,,,,1981-02-08,1982-02-13,1983-02-15,1984-01-31,1985-02-06,1986-02-01,1987-02-01,1988-02-08,1989-02-17,1990-02-09,1991-03-02,1992-02-08,1993-02-18,1994-02-14,1995-02-18,1996-01-25,1997-01-27,1998-02-01,1999-02-19,2000-01-23,2001-02-09,2002-02-04,2003-02-03,2004-03-01,2005-02-16,2006-01-31,2007-02-19,2008-02-21,2009-02-07,2010-01-31,2011-01-28,2012-01-30,2013-02-01,2014-02-03,2015-02-04,2016-02-25,2017-02-27,2018-02-08,,,2  9,Taiwan cherry (Prunus campanulata)
Kumejima,False,,,,,,,,,,1962-02-12,1963-02-20,1964-02-06,1965-01-31,1966-02-05,1967-01-30,,,,,,,,,,,,,1980-02-02,1981-02-06,1982-01-31,1983-02-11,1984-02-03,1985-02-05,1986-01-31,1987-02-02,1988-01-26,1989-01-15,1990-01-23,1991-02-01,1992-02-03,1993-01-25,1994-02-03,1995-02-06,1996-01-28,1997-02-01,1998-02-09,1999-02-08,2000-01-24,2001-01-25,2002-01-28,2003-02-09,2004-02-01,,,,,,,,,,,,,,,,,-,Taiwan cherry (Prunus campanulata)
Naha,True,,,,,,,,,,,,,,,,,,,,,,,,1976-01-28,,1978-01-28,1979-01-25,1980-02-19,1981-02-03,1982-01-24,1983-02-04,1984-02-04,1985-02-04,1986-01-26,1987-02-10,1988-02-11,1989-01-28,1990-01-31,1991-02-10,1992-02-10,1993-02-07,1994-02-04,1995-02-18,1996-02-02,1997-02-01,1998-01-28,1999-02-15,2000-02-03,2001-02-05,2002-02-05,2003-02-07,2004-02-10,2005-02-14,2006-01-24,2007-02-16,2008-01-25,2009-01-23,2010-02-01,2011-02-02,2012-02-06,2013-01-23,2014-01-27,2015-01-29,2016-02-12,2017-02-08,2018-01-30,2019-02-12,2020-02-03,2  4,Taiwan cherry (Prunus campanulata)
Nago,False,,,,,,,,,,,,,,,,,,,,,,,,,1977-01-21,,,,1981-01-26,1982-01-24,1983-01-28,1984-02-01,1985-02-07,1986-01-28,1987-02-12,1988-01-25,1989-01-18,1990-01-23,1991-01-31,1992-02-04,1993-01-27,1994-01-27,1995-02-03,1996-01-24,1997-01-29,1998-02-12,1999-02-01,2000-01-26,2001-02-02,2002-01-31,,,,,,,,,,,,,,,,,,,-,Taiwan cherry (Prunus campanulata)
Iriomote Island,False,,,,,,,,,,,,,,,,,,,,,,,1975-02-06,1976-01-27,1977-01-23,,,,1981-02-01,1982-01-21,1983-02-02,1984-01-26,,1986-02-10,1987-02-13,1988-02-05,1989-01-22,1990-02-03,1991-02-27,1992-02-06,1993-02-06,1994-02-02,1995-02-20,1996-01-28,1997-02-04,1998-02-15,1999-03-03,2000-02-08,2001-02-15,2002-02-07,,,,,,,,,,,,,,,,,,,-,Taiwan cherry (Prunus campanulata)
Minamidaitojima,True,,,,,,,,,,,,,,,,,,,1971-02-03,1972-01-27,,,1975-02-01,,1977-01-31,,1979-02-03,1980-02-09,1981-01-28,1982-01-29,1983-01-29,1984-01-24,1985-01-28,1986-01-24,1987-01-30,,1989-01-30,1990-01-24,1991-02-03,1992-02-01,1993-01-23,1994-01-30,1995-02-10,1996-02-03,1997-02-20,,1999-02-12,2000-01-27,2001-01-29,2002-01-29,2003-02-05,2004-02-07,2005-02-18,2006-01-27,2007-02-14,2008-02-04,2009-02-09,2010-02-15,2011-02-04,2012-02-01,2013-01-21,2014-01-22,2015-02-13,2016-03-01,2017-02-14,2018-01-29,2019-02-12,,2  2,Taiwan cherry (Prunus campanulata)
